Year,Rainfall_mm,Temperature_C,Humidity_pct,Soil_Type,Fertilizer_kg_ha,Area_ha,Crop_Yield_tons_ha
2020,233.5,35.8,48.5,Clay,265.7,17.08,4.83
2016,173.8,20.2,47.8,Red Laterite,38.5,5.37,3.71
2020,676.0,28.1,59.7,Silt Loam,289.0,0.66,8.07
2015,358.4,23.2,77.0,Sandy Loam,59.7,2.87,5.38
2023,408.0,24.3,37.4,Black Cotton,201.6,24.34,5.64
2023,621.5,39.3,54.9,Clay,255.5,1.62,6.27
2013,729.8,41.6,82.0,Sandy Loam,151.6,11.61,6.74
2015,307.1,24.4,86.5,Sandy Loam,224.9,4.69,6.52
2021,333.6,29.1,49.8,Red Laterite,100.3,8.44,4.42
2023,174.1,25.6,49.7,Clay,322.2,14.4,5.14
2021,386.0,33.7,56.8,Black Cotton,75.7,3.92,4.86
2021,588.4,39.5,57.0,Clay,349.1,3.89,5.74
2017,218.2,19.1,41.0,Clay,283.5,10.84,5.91
2017,546.8,41.3,82.3,Sandy Loam,247.7,3.31,6.73
2024,552.7,24.4,70.3,Sandy Loam,123.9,4.37,7.38
2021,347.5,30.0,44.8,Sandy Loam,308.6,7.81,6.23
2020,530.7,22.8,55.6,Clay,202.6,19.58,6.44
2015,516.5,20.7,55.0,Silt Loam,106.6,6.4,6.89
2019,860.2,20.1,61.7,Sandy Loam,343.0,13.55,9.05
2018,273.8,30.7,68.4,Clay,327.3,19.0,6.05
2021,300.9,25.5,89.7,Silt Loam,170.2,13.18,6.88
2015,165.8,31.3,67.4,Sandy Loam,52.7,15.96,4.57
2013,200.6,18.8,53.2,Red Laterite,106.2,16.89,4.6
2024,811.8,31.8,48.4,Black Cotton,288.4,5.17,7.41
2011,644.2,26.5,57.6,Sandy Loam,245.5,24.61,7.68
2015,750.4,20.6,45.5,Red Laterite,173.6,10.84,6.82
2014,497.0,39.0,39.1,Red Laterite,61.3,16.48,3.93
2011,844.8,38.4,44.1,Black Cotton,184.0,21.68,6.38
2024,194.0,27.1,89.2,Silt Loam,326.5,19.74,6.65
2021,896.6,31.3,74.5,Clay,90.8,5.83,7.07
2010,584.4,31.0,76.1,Sandy Loam,46.0,12.18,6.47
2010,870.6,19.9,45.2,Red Laterite,51.7,21.61,5.96
2016,239.9,39.4,48.5,Red Laterite,42.7,2.51,2.74
2015,851.0,22.9,74.4,Clay,115.0,3.71,6.73
2020,375.0,25.6,76.4,Sandy Loam,33.0,15.72,5.46
2018,309.9,24.4,86.3,Sandy Loam,311.4,9.55,6.97
2012,478.6,31.0,51.6,Red Laterite,32.5,20.52,4.23
2024,250.7,20.8,40.9,Red Laterite,79.7,7.4,4.79
2013,688.2,22.9,69.9,Silt Loam,191.7,6.65,8.07
2020,467.7,24.6,35.2,Clay,233.9,6.92,5.91
2021,481.4,34.9,65.8,Sandy Loam,54.1,22.14,5.79
2023,426.9,31.3,58.6,Sandy Loam,128.6,22.53,5.58
2022,879.1,19.0,54.7,Clay,243.4,9.17,7.1
2019,712.1,40.2,48.0,Clay,342.4,20.36,6.07
2024,459.2,22.3,85.8,Black Cotton,286.7,21.67,7.44
2022,676.0,27.2,37.1,Black Cotton,101.2,20.51,5.82
2017,412.2,37.7,82.9,Clay,37.6,5.23,4.22
2022,359.3,33.4,57.0,Red Laterite,136.0,1.18,5.19
2024,877.8,22.3,87.9,Silt Loam,42.2,15.12,7.46
2016,604.7,30.3,56.2,Red Laterite,90.8,1.59,5.82
2016,151.3,40.2,64.6,Clay,146.6,2.21,3.6
2015,647.5,21.0,84.5,Red Laterite,129.0,10.51,6.39
2016,672.9,31.3,45.6,Black Cotton,246.7,22.62,6.49
2018,775.3,25.3,46.6,Red Laterite,224.1,8.4,6.46
2017,481.6,23.1,61.0,Clay,240.8,7.45,6.27
2011,763.8,36.0,72.0,Clay,288.1,4.11,6.5
2010,333.6,29.4,81.7,Sandy Loam,175.7,22.21,5.71
2016,520.8,23.9,71.1,Sandy Loam,315.7,21.58,7.37
2024,229.9,28.2,44.7,Red Laterite,178.7,14.16,4.56
2012,751.1,34.0,89.3,Red Laterite,131.5,19.0,6.15
2017,609.5,35.3,62.8,Red Laterite,172.7,4.4,5.85
2022,335.4,33.3,77.1,Red Laterite,185.1,6.36,4.76
2017,208.1,24.9,49.9,Silt Loam,315.8,2.47,6.54
2012,679.8,19.5,57.4,Red Laterite,179.1,2.03,6.98
2023,465.1,39.7,67.1,Sandy Loam,304.2,19.26,6.36
2015,374.0,27.4,84.0,Black Cotton,202.2,18.5,6.37
2022,602.4,23.3,47.1,Black Cotton,185.4,10.03,6.43
2021,273.8,29.2,42.0,Red Laterite,200.9,22.72,4.06
2019,573.3,18.7,70.4,Clay,307.4,4.95,7.45
2017,395.1,36.3,55.9,Black Cotton,110.7,2.51,5.28
2010,711.8,19.3,87.4,Clay,238.0,19.64,7.49
2013,299.5,18.5,43.4,Clay,181.5,3.3,5.1
2013,498.8,24.1,55.3,Red Laterite,224.3,18.82,6.55
2014,231.1,18.6,52.2,Black Cotton,156.9,18.02,6.01
2011,594.1,37.9,48.4,Silt Loam,302.1,15.21,7.66
2022,180.8,30.8,71.4,Sandy Loam,191.9,8.86,6.09
2023,465.0,29.8,58.8,Silt Loam,233.4,20.8,6.8
2021,541.3,33.6,68.9,Red Laterite,277.9,11.89,5.69
2023,698.3,24.4,81.8,Sandy Loam,119.3,11.54,7.39
2020,434.2,18.7,81.8,Clay,186.0,9.19,6.22
2014,405.3,39.1,73.6,Silt Loam,207.9,13.16,6.33
2016,516.4,36.2,73.0,Black Cotton,173.4,0.92,6.26
2014,316.2,34.6,51.8,Red Laterite,148.1,14.06,3.67
2018,398.1,34.9,49.9,Silt Loam,103.8,18.17,6.51
2015,239.7,30.9,76.9,Clay,91.3,18.6,4.48
2022,543.5,24.8,40.5,Clay,124.8,9.34,6.19
2014,160.6,30.8,50.1,Sandy Loam,207.1,17.59,5.56
2017,226.9,18.3,50.6,Black Cotton,171.0,5.02,6.14
2010,339.4,38.7,41.3,Sandy Loam,158.2,2.32,4.89
2012,758.4,40.8,39.7,Clay,67.9,19.23,4.91
2019,597.1,32.8,77.7,Black Cotton,174.2,11.35,7.23
2014,576.5,19.4,87.8,Sandy Loam,333.2,5.59,7.55
2013,348.5,19.9,48.2,Red Laterite,54.0,0.57,4.23
2014,174.5,24.9,50.5,Black Cotton,52.8,6.22,4.41
2014,740.9,33.0,71.4,Clay,166.0,13.84,6.04
2023,256.7,19.4,78.6,Red Laterite,269.7,14.45,5.35
2014,479.4,29.2,51.7,Black Cotton,331.7,12.76,6.48
2010,817.1,35.6,68.2,Sandy Loam,59.2,24.07,6.41
2023,795.4,32.1,36.1,Silt Loam,214.4,19.2,7.48
2017,837.1,22.4,67.2,Black Cotton,340.1,12.02,8.66
2016,400.0,34.1,82.2,Silt Loam,161.7,12.64,6.22
2022,562.6,28.9,52.3,Silt Loam,67.1,19.43,5.94
2023,535.9,41.7,71.2,Red Laterite,177.8,1.83,4.66
2017,619.1,36.2,46.2,Red Laterite,71.9,7.56,4.67
2024,673.7,20.9,88.5,Red Laterite,285.8,17.89,7.51
2016,219.9,41.8,85.2,Black Cotton,333.1,16.37,5.41
2012,523.8,35.2,63.0,Silt Loam,163.0,12.32,6.11
2012,437.7,40.1,63.0,Clay,306.5,7.27,5.68
2022,790.8,26.2,78.3,Silt Loam,292.6,7.43,8.44
2020,517.2,21.6,64.6,Silt Loam,136.4,19.19,7.61
2016,491.5,25.7,45.4,Clay,213.0,6.22,6.06
2021,504.7,39.9,56.0,Clay,188.5,1.41,5.17
2018,874.0,26.0,40.5,Black Cotton,61.9,22.81,6.6
2023,641.1,21.7,60.8,Silt Loam,138.3,17.47,7.51
2020,210.2,25.9,72.1,Red Laterite,151.6,8.26,4.61
2023,555.8,32.8,47.9,Silt Loam,349.2,18.8,6.66
2016,883.8,36.2,73.7,Sandy Loam,172.0,17.5,7.38
2022,192.1,26.6,58.7,Clay,200.0,14.37,4.89
2022,285.0,22.2,68.5,Black Cotton,228.3,6.4,6.36
2017,628.4,29.0,71.7,Black Cotton,318.4,17.1,7.26
2012,205.4,40.7,89.3,Silt Loam,234.5,10.9,5.68
2013,899.5,38.5,40.9,Black Cotton,213.0,14.58,7.27
2021,371.4,41.5,71.2,Silt Loam,32.6,21.69,5.03
2024,604.8,29.9,84.7,Silt Loam,278.2,6.14,6.98
2022,414.2,33.3,69.1,Clay,231.0,22.63,5.57
2017,175.0,26.8,42.2,Silt Loam,134.6,10.68,4.93
2013,249.1,30.9,88.4,Red Laterite,190.6,7.18,5.44
2017,875.5,25.1,82.9,Sandy Loam,179.9,2.34,8.78
2022,874.9,38.6,74.8,Black Cotton,339.5,20.21,7.09
2010,348.3,21.0,55.3,Silt Loam,217.1,20.65,7.33
2015,231.3,23.6,36.4,Red Laterite,135.0,15.45,4.03
2017,832.0,25.3,57.5,Clay,44.5,1.41,5.8
2017,237.1,23.6,64.6,Black Cotton,175.2,16.93,5.56
2016,590.5,35.4,83.7,Sandy Loam,296.8,15.58,6.44
2014,174.5,26.9,59.4,Clay,303.7,2.93,5.1
2020,419.0,27.6,45.4,Sandy Loam,333.7,20.69,6.31
2011,647.1,33.4,67.8,Sandy Loam,46.2,8.67,6.63
2013,201.5,36.4,46.4,Clay,290.2,6.21,4.55
2022,260.7,39.6,35.2,Clay,346.0,13.74,4.7
2023,169.3,18.4,78.4,Clay,218.4,0.89,5.56
2014,189.3,35.8,63.9,Sandy Loam,182.4,19.56,4.81
2018,316.2,32.8,75.0,Red Laterite,126.5,16.26,4.64
2010,195.6,29.5,57.1,Sandy Loam,186.9,22.79,5.43
2019,261.3,21.0,69.3,Red Laterite,205.5,8.47,5.54
2019,547.9,28.9,68.3,Sandy Loam,283.8,3.3,6.86
2018,690.6,23.2,59.8,Clay,162.4,20.77,6.17
2016,462.0,20.3,58.5,Silt Loam,149.8,4.24,7.16
2023,214.0,28.4,76.0,Silt Loam,289.8,14.13,6.41
2019,867.5,31.5,71.9,Black Cotton,143.2,16.8,7.06
2021,188.6,24.9,52.2,Sandy Loam,214.9,5.71,4.91
2020,511.6,38.3,54.3,Red Laterite,147.6,19.18,4.29
2023,570.7,36.4,69.2,Red Laterite,38.4,23.26,4.38
2023,670.1,18.7,50.0,Silt Loam,324.9,9.1,8.48
2020,450.6,21.4,69.8,Sandy Loam,59.4,13.5,6.41
2016,464.9,26.2,55.4,Silt Loam,278.6,14.41,7.34
2012,715.8,19.2,39.5,Black Cotton,241.8,12.4,7.5
2017,460.6,23.2,63.2,Silt Loam,167.6,7.44,6.85
2020,381.3,23.3,89.1,Sandy Loam,32.5,7.88,5.59
2013,725.5,36.3,50.9,Sandy Loam,32.5,18.8,5.85
2021,322.6,31.4,71.7,Silt Loam,53.1,21.61,5.74
2010,477.2,29.0,39.3,Silt Loam,214.2,14.55,6.52
2011,453.8,41.2,44.5,Red Laterite,177.2,17.4,4.14
2015,216.1,38.3,48.4,Red Laterite,158.1,2.43,4.08
2013,399.8,22.0,63.1,Sandy Loam,199.8,5.25,6.32
2022,412.0,35.5,80.0,Clay,105.6,4.09,5.26
2022,719.4,19.8,87.3,Black Cotton,178.5,14.31,8.29
2019,486.7,40.2,66.0,Red Laterite,133.4,24.29,4.6
2017,481.7,25.3,50.1,Sandy Loam,142.6,2.32,6.69
2017,488.9,19.4,80.7,Sandy Loam,236.3,24.45,8.04
2016,497.0,31.3,78.5,Sandy Loam,173.9,20.34,6.88
2020,291.2,32.5,62.6,Sandy Loam,174.2,20.37,6.07
2011,528.4,22.1,48.6,Black Cotton,347.1,13.34,6.35
2019,269.1,26.9,50.6,Black Cotton,277.8,17.13,6.24
2015,199.4,20.3,72.3,Silt Loam,110.6,21.36,6.13
2024,602.0,21.6,39.5,Clay,323.4,8.1,6.68
2012,596.3,40.5,52.0,Black Cotton,235.9,8.55,5.56
2012,652.6,37.9,75.6,Red Laterite,59.9,16.93,5.01
2014,285.2,23.1,87.1,Black Cotton,91.4,25.0,5.67
2012,207.9,38.3,40.6,Red Laterite,297.2,22.15,4.45
2022,613.5,32.3,43.5,Clay,296.0,19.39,6.41
2022,827.0,35.3,37.4,Silt Loam,246.4,6.32,7.06
2021,737.9,23.6,48.2,Black Cotton,319.3,5.25,7.73
2020,860.3,41.6,60.4,Silt Loam,279.0,12.82,7.31
2013,750.9,21.3,48.8,Black Cotton,309.7,14.09,7.89
2011,683.6,30.4,41.9,Sandy Loam,274.2,7.18,7.31
2016,218.8,39.9,79.9,Silt Loam,327.8,10.66,5.86
2016,526.5,23.7,89.7,Silt Loam,101.9,8.31,7.69
2015,743.5,21.3,50.8,Black Cotton,252.7,3.9,7.92
2021,501.8,32.8,84.8,Sandy Loam,111.9,20.96,5.76
2018,467.4,36.6,48.1,Sandy Loam,45.3,10.79,4.78
2022,617.1,19.5,81.0,Black Cotton,221.0,0.9,7.42
2012,368.5,18.0,54.4,Red Laterite,163.3,16.78,5.62
2011,542.6,26.7,87.4,Red Laterite,192.3,24.71,6.06
2017,182.7,27.3,55.5,Sandy Loam,144.3,2.16,5.01
2013,699.7,33.1,77.4,Silt Loam,72.7,9.13,6.54
2023,734.4,29.2,73.2,Clay,289.7,2.05,7.7
2022,857.7,18.9,46.1,Clay,313.5,8.23,7.71
2023,557.3,24.1,76.4,Clay,121.6,21.62,6.66
2010,799.3,26.0,41.8,Silt Loam,169.8,10.3,6.72
2015,880.3,29.9,62.4,Red Laterite,115.4,2.52,6.59
2016,209.2,32.5,80.2,Red Laterite,124.0,3.01,4.15
2017,602.0,28.2,72.9,Silt Loam,173.1,18.31,7.62
2024,414.4,42.0,50.1,Sandy Loam,54.0,16.12,4.12
2020,270.0,18.7,81.7,Black Cotton,41.1,2.15,5.92
2022,633.9,26.7,87.2,Sandy Loam,223.6,17.14,8.02
2022,207.7,21.3,55.2,Silt Loam,237.9,6.62,6.25
2011,169.4,22.5,63.5,Red Laterite,67.7,19.49,4.02
2019,364.2,40.0,62.0,Sandy Loam,73.4,2.31,4.54
2012,824.0,28.7,39.8,Silt Loam,243.7,17.88,7.47
2014,788.5,35.1,86.0,Clay,284.0,12.96,7.13
2011,888.8,37.0,48.0,Black Cotton,38.4,14.07,5.29
2018,247.3,39.2,38.6,Black Cotton,349.9,18.11,5.44
2018,458.1,27.8,66.6,Clay,341.2,16.24,6.07
2015,246.3,37.9,65.3,Red Laterite,88.2,24.17,3.84
2016,527.1,38.8,80.7,Red Laterite,79.0,4.53,4.6
2015,860.6,30.5,50.6,Sandy Loam,110.2,16.06,7.38
2018,355.8,33.0,68.8,Sandy Loam,190.8,4.63,6.15
2020,618.4,39.6,53.6,Red Laterite,43.2,21.66,4.35
2011,184.1,33.4,66.7,Clay,275.4,10.71,4.68
2020,559.2,33.4,51.6,Clay,287.5,17.28,5.88
2014,490.2,34.5,43.7,Black Cotton,185.0,5.5,5.41
2021,389.5,41.7,54.0,Black Cotton,71.8,9.58,4.15
2018,229.6,23.8,41.7,Black Cotton,109.3,2.87,4.74
2019,463.6,41.1,84.6,Silt Loam,328.8,18.17,7.27
2013,722.3,30.0,63.3,Black Cotton,311.3,12.69,7.71
2017,875.0,23.2,54.4,Sandy Loam,120.0,15.14,7.66
2023,640.7,29.3,64.5,Sandy Loam,167.9,22.12,6.87
2015,183.9,19.2,65.9,Silt Loam,207.0,2.3,5.81
2018,487.8,31.2,80.4,Red Laterite,247.7,3.41,6.42
2022,890.1,31.4,55.1,Clay,93.7,12.97,6.2
2018,180.2,18.9,74.2,Black Cotton,196.2,4.15,6.02
2024,609.8,21.9,89.5,Silt Loam,220.0,12.93,8.12
2018,549.3,35.0,51.5,Sandy Loam,147.9,17.01,6.49
2022,824.1,38.9,69.6,Red Laterite,181.9,24.19,6.03
2022,879.0,31.9,47.5,Sandy Loam,216.7,4.68,7.03
2023,435.1,37.7,48.3,Red Laterite,333.4,3.19,4.95
2010,480.8,28.1,57.7,Clay,161.3,19.49,6.41
2021,695.6,34.9,63.5,Red Laterite,134.0,16.72,5.33
2018,432.6,41.0,60.3,Red Laterite,139.5,9.18,4.54
2020,752.7,24.3,61.6,Clay,119.3,7.81,6.08
2014,728.4,34.9,73.0,Black Cotton,131.5,9.05,7.05
2014,365.8,31.8,64.9,Black Cotton,291.9,23.89,5.88
2022,259.9,19.0,87.5,Sandy Loam,140.8,11.34,6.41
2013,771.0,24.5,65.9,Silt Loam,73.9,15.58,7.74
2019,329.5,19.2,84.8,Clay,234.1,1.79,6.05
2011,660.9,21.3,88.0,Clay,160.2,23.41,7.49
2024,506.8,33.6,76.6,Silt Loam,132.8,16.32,6.7
2019,324.2,35.7,81.8,Sandy Loam,322.2,4.79,6.29
2024,778.2,40.4,37.0,Black Cotton,282.1,5.06,6.43
2014,807.6,18.2,66.2,Sandy Loam,327.1,8.71,8.01
2017,891.8,31.0,62.2,Clay,302.3,11.97,7.45
2012,698.3,33.6,74.5,Sandy Loam,265.7,19.87,7.61
2019,655.8,22.6,68.6,Black Cotton,294.6,13.12,8.15
2012,886.3,29.5,86.5,Sandy Loam,113.5,6.27,7.82
2022,350.2,25.9,67.0,Red Laterite,33.7,16.52,4.42
2011,499.0,21.8,72.7,Silt Loam,250.9,16.15,7.66
2014,425.7,23.3,87.7,Black Cotton,79.0,18.82,5.85
2018,834.6,36.2,79.1,Clay,273.8,17.17,6.9
2019,804.9,20.0,59.6,Silt Loam,55.0,14.32,7.87
2018,301.6,30.9,44.0,Red Laterite,171.4,17.17,4.66
2021,587.4,20.2,63.1,Sandy Loam,175.1,13.07,7.25
2017,654.6,25.4,36.2,Silt Loam,291.3,18.77,7.67
2019,204.8,28.2,73.5,Red Laterite,348.1,23.4,6.11
2010,365.3,22.3,42.4,Black Cotton,149.8,22.34,6.07
2017,802.2,39.8,55.7,Red Laterite,72.6,21.58,5.94
2016,546.6,35.5,47.2,Sandy Loam,272.0,24.47,7.25
2017,655.1,31.1,64.3,Clay,109.2,8.98,5.81
2021,724.1,18.8,71.3,Red Laterite,275.1,22.15,8.3
2010,330.5,19.6,67.7,Black Cotton,221.3,17.73,7.04
2016,479.2,31.0,76.5,Sandy Loam,74.8,24.84,6.14
2013,761.8,35.6,52.5,Red Laterite,277.2,20.55,6.36
2020,540.9,27.9,50.1,Red Laterite,333.5,22.05,7.0
2024,281.3,34.3,65.6,Sandy Loam,341.1,23.57,5.8
2015,672.2,27.8,51.5,Clay,271.4,12.1,6.26
2023,319.0,38.6,42.9,Black Cotton,322.7,14.28,5.74
2012,441.3,24.1,53.2,Sandy Loam,325.1,21.25,7.01
2011,551.7,37.9,37.8,Black Cotton,245.6,15.27,5.99
2022,590.7,34.1,46.9,Clay,308.2,8.66,6.08
2024,161.5,40.5,87.9,Sandy Loam,269.0,18.98,5.77
2021,303.4,40.0,65.4,Silt Loam,151.8,13.57,5.1
2015,381.3,26.6,83.6,Black Cotton,61.6,24.54,4.93
2024,302.3,25.5,37.5,Clay,267.2,0.9,5.58
2018,851.1,31.9,58.0,Clay,92.8,6.14,5.94
2018,641.0,34.4,49.2,Black Cotton,339.3,16.22,6.69
2017,495.6,35.6,54.4,Clay,260.5,12.46,6.18
2020,867.9,30.6,81.1,Sandy Loam,332.5,16.87,8.12
2022,154.8,21.3,69.7,Sandy Loam,256.3,0.72,5.77
2019,628.3,40.4,85.2,Black Cotton,35.0,13.54,5.41
2016,158.9,30.7,50.1,Silt Loam,35.5,20.42,4.03
2024,284.5,40.0,63.8,Clay,91.4,13.4,3.44
2023,415.8,37.1,39.3,Black Cotton,176.9,6.46,5.03
2023,785.9,33.7,82.2,Sandy Loam,59.9,9.79,6.39
2018,507.0,33.3,73.7,Sandy Loam,190.0,11.13,6.65
2023,880.4,39.5,85.6,Clay,97.7,21.77,5.79
2024,575.1,24.5,85.8,Silt Loam,317.8,14.31,9.07
2015,161.7,23.0,42.9,Black Cotton,327.2,7.83,5.74
2019,330.4,38.0,56.4,Red Laterite,136.2,19.01,4.84
2021,208.8,35.9,54.0,Sandy Loam,169.9,21.05,5.65
2015,603.9,32.7,67.8,Silt Loam,39.5,7.2,6.59
2015,564.8,27.0,45.2,Red Laterite,241.4,2.6,6.01
2019,371.5,23.9,39.0,Silt Loam,79.4,17.94,5.38
2015,420.5,20.2,86.9,Black Cotton,145.2,7.11,6.27
2012,215.5,28.3,65.6,Red Laterite,160.6,1.14,4.46
2019,738.3,38.7,35.7,Black Cotton,154.1,2.58,5.97
2024,569.7,41.8,48.4,Red Laterite,84.3,9.83,4.54
2017,259.5,22.0,50.2,Silt Loam,185.0,2.38,6.45
2014,858.2,35.3,62.3,Red Laterite,92.6,3.12,5.47
2015,781.2,27.1,82.4,Black Cotton,137.1,20.48,8.05
2023,638.3,32.3,51.5,Red Laterite,333.1,5.42,5.98
2015,368.6,34.7,62.0,Red Laterite,280.2,8.48,6.11
2014,762.4,27.4,41.3,Red Laterite,93.9,24.93,5.96
2010,864.8,29.1,74.0,Black Cotton,285.3,20.87,8.41
2011,764.2,37.1,57.5,Black Cotton,74.5,7.92,5.84
2016,741.8,19.8,89.5,Black Cotton,216.3,13.59,8.31
2024,840.3,34.6,64.9,Silt Loam,254.5,20.4,7.2
2011,726.7,33.8,54.5,Red Laterite,44.2,24.6,4.66
2020,635.1,41.2,53.2,Black Cotton,63.9,2.92,5.22
2018,585.4,31.8,59.5,Black Cotton,178.2,17.15,6.89
2021,525.3,26.3,36.4,Sandy Loam,124.5,23.05,6.68
2021,256.3,25.5,60.0,Clay,196.8,9.03,5.64
2011,478.6,34.7,52.5,Silt Loam,44.3,17.91,5.78
2011,657.9,21.9,89.1,Clay,195.1,14.02,7.4
2015,569.9,41.0,47.8,Black Cotton,231.5,5.07,5.61
2021,610.6,22.7,67.6,Black Cotton,31.4,5.76,5.84
2014,714.2,37.4,38.4,Sandy Loam,285.8,13.65,6.64
2011,346.8,38.7,64.0,Silt Loam,221.0,15.48,6.12
2019,235.7,26.4,60.2,Clay,290.4,17.8,5.4
2011,654.1,25.5,48.1,Sandy Loam,88.6,17.49,6.97
2018,441.3,32.3,66.6,Black Cotton,89.4,16.07,5.23
2012,566.2,29.8,42.7,Silt Loam,299.4,15.68,6.76
2023,419.3,18.2,42.5,Black Cotton,338.4,12.88,6.41
2016,682.6,28.7,44.2,Red Laterite,39.9,19.15,5.11
2014,174.5,23.4,50.9,Black Cotton,211.0,19.43,4.88
2019,235.7,36.6,80.3,Silt Loam,203.5,19.04,5.8
2022,689.2,31.1,89.4,Sandy Loam,265.5,16.51,7.81
2010,487.3,26.4,79.9,Black Cotton,306.9,3.38,7.88
2022,327.7,37.5,67.3,Silt Loam,305.5,15.45,5.88
2022,305.0,23.0,38.3,Silt Loam,200.3,15.12,6.46
2012,392.7,34.9,50.9,Silt Loam,334.8,13.1,7.08
2012,872.1,36.9,85.5,Silt Loam,307.5,3.61,7.89
2023,249.5,21.5,52.7,Clay,273.7,17.07,5.27
2014,620.9,27.0,39.2,Sandy Loam,158.9,18.87,6.64
2021,852.3,26.9,87.3,Silt Loam,216.2,21.79,8.59
2017,626.1,34.7,81.8,Red Laterite,157.3,24.22,5.77
2023,308.9,24.4,80.6,Silt Loam,205.1,3.7,7.2
2024,661.9,19.2,40.5,Black Cotton,35.2,23.27,5.62
2012,481.0,18.0,87.7,Clay,348.6,22.78,7.8
2023,849.5,24.6,71.0,Silt Loam,56.4,16.78,7.26
2020,274.1,27.5,51.8,Clay,167.4,2.73,5.18
2011,249.5,23.4,72.4,Sandy Loam,32.6,8.92,5.31
2011,891.1,28.1,42.3,Sandy Loam,103.3,2.69,6.98
2015,810.7,21.3,77.5,Clay,235.3,17.09,7.63
2011,547.9,18.2,70.8,Black Cotton,142.4,5.72,6.99
2019,664.9,38.6,39.8,Sandy Loam,74.8,3.52,4.75
2021,438.0,41.1,52.3,Clay,109.3,16.29,4.48
2021,605.7,36.7,73.0,Silt Loam,95.7,15.37,6.89
2013,710.9,25.1,38.0,Clay,188.4,3.26,6.04
2018,816.5,18.3,54.9,Silt Loam,72.2,21.59,7.64
2019,465.6,31.1,44.5,Black Cotton,335.4,19.37,6.49
2014,311.8,40.1,87.2,Black Cotton,192.1,15.9,5.35
2018,725.3,28.2,57.1,Red Laterite,202.0,4.24,6.53
2024,302.4,37.4,64.5,Black Cotton,217.7,19.2,5.31
2020,660.8,19.6,73.4,Clay,48.5,2.61,6.03
2019,191.3,34.0,71.2,Clay,68.2,17.84,4.07
2021,158.5,29.9,54.1,Red Laterite,280.6,18.16,4.66
2022,805.1,35.6,41.5,Sandy Loam,137.2,11.02,6.64
2018,197.9,35.1,66.7,Sandy Loam,188.8,13.01,5.78
2012,425.8,24.1,40.7,Red Laterite,245.7,3.33,5.92
2021,531.6,19.1,82.5,Clay,44.7,9.42,6.32
2023,176.5,37.3,74.3,Black Cotton,101.8,6.58,4.12
2024,690.2,24.5,39.3,Silt Loam,68.2,17.0,6.93
2018,886.1,40.9,38.8,Black Cotton,307.1,19.45,6.83
2014,395.5,31.3,35.4,Clay,123.3,19.72,4.72
2015,593.8,29.8,77.5,Clay,264.4,13.89,6.56
2022,333.8,18.2,57.6,Clay,203.3,16.08,6.03
2015,151.1,33.8,81.7,Silt Loam,63.3,13.48,4.73
2013,464.9,41.1,88.5,Clay,257.7,2.78,6.52
2018,459.8,39.5,60.2,Sandy Loam,215.8,12.88,5.59
2020,765.0,19.8,66.2,Black Cotton,242.0,3.7,7.75
2024,750.6,34.8,75.4,Silt Loam,174.9,6.22,8.08
2013,252.1,36.5,41.0,Sandy Loam,82.6,11.92,3.92
2022,305.7,25.4,49.6,Sandy Loam,58.9,20.29,5.37
2014,769.8,34.7,37.2,Silt Loam,77.5,17.92,6.66
2010,657.9,24.2,89.5,Sandy Loam,334.7,21.44,8.28
2018,711.1,24.0,60.4,Clay,68.9,2.01,6.25
2013,767.8,26.9,69.7,Sandy Loam,216.3,6.84,7.51
2023,206.2,41.9,45.9,Black Cotton,289.0,2.75,4.93
2011,182.0,29.1,44.2,Red Laterite,168.6,18.25,3.56
2017,172.1,34.4,44.5,Clay,320.7,7.24,4.46
2019,614.4,23.9,51.2,Black Cotton,312.5,12.24,7.37
2011,359.8,21.3,46.0,Red Laterite,109.7,24.86,4.91
2016,736.4,26.6,64.9,Black Cotton,140.1,14.36,6.91
2015,441.3,22.3,52.5,Clay,39.4,20.36,5.02
2017,547.1,36.4,90.0,Clay,62.0,16.59,6.0
2014,550.3,37.0,75.5,Clay,214.2,24.58,5.39
2023,280.3,23.7,52.5,Silt Loam,322.5,1.19,7.31
2021,413.8,31.6,42.8,Clay,297.7,20.35,6.14
2012,517.8,20.2,47.8,Clay,36.4,12.21,5.36
2015,838.4,22.8,42.2,Clay,324.0,21.18,7.51
2019,678.5,21.4,41.1,Red Laterite,305.4,24.03,6.93
2015,678.4,33.9,67.2,Silt Loam,126.6,3.84,7.36
2022,629.4,29.7,52.5,Red Laterite,251.9,23.26,6.92
2022,417.6,34.0,79.8,Black Cotton,128.2,17.37,6.05
2021,861.5,27.4,89.7,Red Laterite,40.4,15.26,6.69
2024,756.6,32.7,70.2,Sandy Loam,329.7,3.95,7.79
2015,275.9,39.2,39.9,Silt Loam,172.9,7.0,4.78
2013,669.9,26.4,78.3,Sandy Loam,45.4,11.24,6.46
2016,519.8,27.1,65.0,Sandy Loam,295.2,19.82,7.37
2019,638.2,34.5,43.9,Sandy Loam,285.7,1.32,7.11
2011,205.7,22.1,55.7,Sandy Loam,205.1,22.5,5.9
2011,403.5,41.6,84.1,Sandy Loam,168.0,16.51,5.44
2010,225.9,22.9,45.4,Red Laterite,261.1,18.38,4.85
2014,645.4,25.1,40.3,Black Cotton,213.0,21.08,6.97
2016,215.7,37.8,69.4,Black Cotton,93.9,1.13,4.52
2012,628.6,41.4,61.0,Sandy Loam,128.7,10.24,5.41
2011,631.4,27.3,55.4,Black Cotton,148.2,11.42,6.54
2014,479.8,24.3,81.0,Red Laterite,49.7,18.93,5.28
2015,756.1,27.9,76.6,Clay,207.2,21.1,6.99
2023,541.9,41.2,72.8,Black Cotton,213.3,6.27,5.89
2023,685.7,30.1,84.5,Red Laterite,246.8,15.7,7.14
2011,861.9,28.8,87.2,Clay,341.1,20.31,8.21
2020,476.5,41.9,69.5,Red Laterite,112.5,22.81,4.8
2024,755.5,20.1,65.6,Red Laterite,134.4,7.27,6.05
2022,675.3,32.1,78.0,Sandy Loam,162.6,4.13,7.24
2019,587.0,41.2,40.5,Sandy Loam,210.1,2.97,5.84
2015,808.4,24.3,71.0,Red Laterite,224.9,1.42,7.58
2014,452.2,32.8,72.4,Black Cotton,42.4,22.29,5.04
2021,506.4,24.4,55.5,Silt Loam,291.6,7.92,7.76
2014,782.1,38.6,72.7,Clay,73.0,24.37,5.1
2014,696.6,32.5,39.9,Black Cotton,97.6,20.69,6.07
2021,513.3,30.4,55.6,Sandy Loam,194.9,4.39,6.35
2012,735.4,30.6,66.3,Clay,91.7,20.91,6.49
2023,193.2,18.8,37.8,Silt Loam,255.5,7.21,6.44
2020,842.3,34.3,48.3,Black Cotton,220.1,4.85,6.5
2023,505.9,31.2,53.9,Silt Loam,269.7,17.38,6.95
2012,790.4,36.7,46.8,Clay,237.2,17.1,6.7
2014,638.7,30.3,82.6,Sandy Loam,181.7,3.74,7.53
2013,339.3,37.3,51.8,Silt Loam,165.6,9.72,6.11
2015,494.2,23.2,51.6,Red Laterite,293.8,10.23,6.65
2020,874.9,38.1,65.9,Red Laterite,224.9,7.81,6.65
2011,511.3,26.1,50.2,Silt Loam,305.7,6.9,7.24
2014,291.3,30.4,48.2,Sandy Loam,287.7,20.16,5.23
2019,453.1,25.7,42.7,Sandy Loam,239.7,24.94,6.57
2016,702.5,32.0,89.7,Clay,139.8,17.98,6.95
2020,551.0,36.8,84.9,Silt Loam,192.3,21.21,7.35
2012,370.3,29.3,75.8,Red Laterite,274.1,4.99,5.19
2020,824.7,33.7,47.2,Clay,268.1,8.02,6.82
2014,589.2,29.1,41.5,Sandy Loam,307.2,14.8,6.75
2019,203.4,39.3,62.5,Black Cotton,199.5,10.62,4.73
2013,407.0,41.7,84.1,Black Cotton,75.8,21.63,4.74
2012,734.2,29.7,69.7,Clay,130.3,1.92,6.22
2022,276.5,36.3,61.9,Sandy Loam,71.4,11.13,4.7
2016,452.5,41.2,56.1,Sandy Loam,200.8,18.4,6.38
2022,774.9,22.6,72.2,Clay,102.4,21.99,6.61
2014,246.7,27.2,67.4,Clay,50.9,1.62,4.76
2018,597.3,26.1,83.8,Clay,139.7,22.58,6.43
2015,712.6,22.0,84.9,Black Cotton,36.1,6.0,7.0
2010,592.3,22.1,55.2,Sandy Loam,150.1,16.19,6.99
2022,551.1,19.2,89.7,Sandy Loam,239.1,0.98,7.87
2016,242.7,24.1,73.6,Clay,252.5,15.94,5.44
2014,465.7,20.4,63.6,Red Laterite,223.8,3.86,6.37
2021,613.3,24.8,78.2,Black Cotton,93.6,5.39,6.47
2014,773.6,41.4,54.7,Black Cotton,124.5,1.47,5.65
2024,510.5,23.6,35.7,Sandy Loam,320.2,20.96,7.09
2020,520.6,40.8,77.9,Sandy Loam,261.5,2.98,6.52
2014,348.1,19.2,79.7,Sandy Loam,302.7,9.33,7.63
2020,384.5,35.7,40.2,Sandy Loam,33.1,3.89,4.31
2024,478.3,32.9,83.3,Sandy Loam,149.2,8.9,6.16
2011,450.6,41.1,50.0,Black Cotton,250.8,12.22,4.87
2012,234.8,34.7,38.2,Clay,63.2,22.83,3.88
2017,751.7,34.3,45.0,Black Cotton,279.3,15.48,7.32
2021,880.1,21.1,85.6,Sandy Loam,314.0,11.3,8.4
2011,346.2,25.5,73.8,Red Laterite,275.6,14.63,5.02
2020,804.9,30.5,72.9,Red Laterite,60.5,16.71,5.48
2013,511.4,33.9,70.3,Clay,298.5,14.18,6.44
2020,850.8,30.1,60.8,Black Cotton,308.2,2.33,7.65
2017,390.5,25.9,50.3,Red Laterite,101.3,16.26,4.62
2017,483.1,31.8,39.8,Black Cotton,173.1,3.41,5.82
2017,708.9,18.4,57.2,Sandy Loam,208.3,0.5,8.29
2019,628.2,39.4,65.9,Black Cotton,334.1,9.4,6.96
2010,762.4,38.3,53.3,Red Laterite,222.0,18.06,5.68
2011,719.5,23.3,53.8,Silt Loam,205.3,9.66,8.15
2011,184.3,21.9,42.7,Black Cotton,64.2,15.47,4.77
2016,311.7,37.8,45.5,Silt Loam,64.5,10.65,5.44
2024,624.9,34.1,41.8,Black Cotton,176.4,14.94,5.13
2010,547.8,19.2,86.4,Red Laterite,184.5,12.95,6.77
2024,832.6,34.6,44.6,Clay,63.1,16.61,5.33
2024,438.5,41.5,85.4,Clay,117.6,24.11,4.81
2014,489.6,21.2,57.7,Red Laterite,125.7,17.69,6.08
2024,565.2,23.2,46.5,Silt Loam,249.7,23.07,7.08
2012,886.0,33.6,87.7,Red Laterite,203.6,16.1,6.77
2018,510.3,31.7,71.7,Black Cotton,245.8,22.4,6.01
2018,364.4,38.3,79.5,Red Laterite,64.1,9.83,4.29
2014,712.6,21.9,50.8,Silt Loam,76.9,2.02,7.18
2022,371.4,36.1,36.8,Black Cotton,62.8,21.77,4.24
2021,635.3,27.3,63.1,Silt Loam,251.7,1.65,7.03
2016,440.7,41.0,88.7,Silt Loam,339.1,1.82,6.94
2023,735.7,38.9,80.6,Silt Loam,271.6,13.89,7.41
2019,297.4,35.4,45.6,Black Cotton,86.8,17.23,4.41
2018,239.5,19.0,50.4,Silt Loam,71.6,14.81,5.84
2014,154.2,29.2,86.6,Sandy Loam,79.2,8.4,5.72
2019,782.4,25.2,78.4,Red Laterite,144.6,19.71,7.01
2015,544.0,41.0,63.6,Red Laterite,81.0,13.81,4.26
2024,310.0,26.0,54.8,Clay,334.1,15.65,6.12
2017,897.5,37.8,89.0,Sandy Loam,66.7,8.98,6.84
2024,615.8,41.0,72.5,Silt Loam,152.0,20.01,7.02
2011,439.4,31.0,50.6,Red Laterite,293.1,9.69,5.76
2010,372.3,33.6,52.6,Sandy Loam,333.4,4.6,5.93
2022,553.5,18.2,38.6,Clay,306.8,10.89,7.3
2021,809.0,35.8,58.9,Sandy Loam,269.0,4.27,7.63
2017,687.7,18.9,39.0,Clay,284.1,14.17,7.01
2014,455.7,28.8,57.2,Silt Loam,35.4,17.0,5.63
2018,154.4,35.3,38.5,Red Laterite,44.6,21.28,2.46
2014,740.2,25.2,39.8,Black Cotton,152.1,20.64,7.03
2010,505.5,30.8,42.5,Black Cotton,285.0,21.31,6.19
2014,658.0,39.9,78.7,Silt Loam,336.4,0.77,8.03
2023,566.3,21.0,35.3,Red Laterite,156.1,13.91,6.04
2021,827.7,26.3,57.7,Red Laterite,75.6,5.01,6.17
2019,776.1,22.7,45.0,Red Laterite,302.7,21.36,8.11
2017,633.5,19.8,71.9,Silt Loam,61.4,18.28,6.8
2017,863.7,26.6,71.9,Clay,62.0,15.68,6.77
2017,396.3,33.8,73.1,Clay,211.0,9.43,5.44
2015,869.0,22.0,52.2,Clay,257.9,16.2,7.53
2020,699.7,39.1,60.5,Silt Loam,277.9,12.43,7.58
2011,281.8,32.6,81.3,Clay,315.2,5.31,5.71
2021,206.5,18.4,62.9,Sandy Loam,290.0,14.68,6.05
2022,592.5,39.8,65.3,Red Laterite,316.1,13.72,5.8
2016,317.5,36.5,75.3,Silt Loam,72.8,12.78,5.13
2011,447.6,30.1,71.4,Red Laterite,248.9,19.05,6.0
2019,861.5,33.8,88.2,Black Cotton,330.5,1.49,8.1
2022,515.7,19.5,55.3,Sandy Loam,243.9,13.19,7.47
2024,491.0,19.1,88.9,Silt Loam,63.0,24.23,6.79
2020,772.2,38.0,49.5,Red Laterite,212.5,9.73,5.54
2024,776.6,30.4,55.7,Clay,195.2,9.15,6.97
2023,408.8,37.0,83.8,Sandy Loam,190.6,3.9,6.21
2020,360.6,21.6,43.7,Red Laterite,259.5,3.4,5.81
2013,461.0,25.9,41.2,Black Cotton,183.3,14.97,5.8
2013,182.4,31.8,43.9,Red Laterite,42.5,14.52,2.83
2010,274.8,40.1,63.4,Black Cotton,221.8,14.31,5.52
2020,766.0,40.7,46.9,Red Laterite,347.7,21.75,6.2
2012,314.5,27.9,42.8,Red Laterite,292.5,4.96,5.08
2021,664.2,40.1,67.8,Sandy Loam,103.5,9.94,5.82
2011,162.4,30.5,85.0,Black Cotton,294.5,15.34,5.99
2019,179.3,36.8,62.7,Sandy Loam,59.8,16.66,4.79
2024,602.6,37.9,84.3,Black Cotton,197.1,9.57,6.89
2013,853.8,29.6,77.3,Silt Loam,218.5,18.66,8.32
2022,777.9,31.8,58.4,Silt Loam,182.7,6.2,7.63
2024,557.8,24.2,35.3,Sandy Loam,215.0,3.39,6.59
2010,431.3,22.9,79.2,Black Cotton,145.9,4.29,6.31
2023,552.1,31.6,68.7,Black Cotton,271.6,10.62,6.56
2022,568.2,22.3,65.8,Black Cotton,111.2,8.01,6.25
2021,253.6,38.7,41.5,Clay,172.9,17.63,4.55
2012,225.2,30.2,78.2,Red Laterite,226.5,17.27,5.32
2020,154.0,20.2,43.0,Red Laterite,169.3,2.07,4.58
2013,428.1,32.6,74.8,Black Cotton,226.5,13.26,6.1
2022,765.2,33.4,59.1,Clay,302.2,23.3,6.47
2018,364.5,18.8,68.0,Red Laterite,253.5,15.57,6.06
2020,150.2,21.8,89.8,Black Cotton,143.0,10.18,5.22
2019,300.2,18.4,73.7,Sandy Loam,205.9,18.29,6.33
2015,872.5,24.6,68.3,Clay,175.5,10.4,7.13
2010,345.8,27.8,40.9,Sandy Loam,191.0,8.83,6.12
2014,807.1,37.5,66.6,Black Cotton,339.1,14.3,7.58
2022,332.5,26.2,77.7,Black Cotton,316.9,21.62,6.34
2016,625.2,41.9,72.2,Clay,286.1,10.6,6.22
2015,537.4,18.2,80.8,Clay,121.9,10.27,6.69
2018,848.5,29.4,54.4,Red Laterite,116.1,23.7,5.8
2020,847.7,22.6,75.5,Clay,265.3,21.88,7.94
2013,777.3,26.5,77.8,Sandy Loam,324.5,17.06,8.54
2020,519.5,18.2,82.1,Sandy Loam,301.4,9.59,7.78
2024,822.7,38.9,62.0,Red Laterite,119.7,5.94,6.31
2019,246.2,30.6,58.3,Red Laterite,40.4,9.01,4.06
2017,882.4,34.8,60.3,Sandy Loam,33.8,5.66,5.83
2019,225.6,26.7,82.4,Clay,205.5,6.31,5.0
2015,287.9,28.2,58.1,Silt Loam,146.8,10.31,5.97
2017,284.9,21.1,66.7,Clay,290.5,18.16,6.32
2023,435.7,21.5,87.8,Clay,181.4,0.74,6.16
2016,524.7,41.9,81.7,Red Laterite,200.9,8.24,5.1
2023,575.9,27.6,73.0,Sandy Loam,98.9,6.73,6.61
2023,622.4,28.8,53.4,Silt Loam,145.3,14.16,7.06
2016,240.9,38.8,88.0,Clay,214.6,16.42,4.64
2018,280.9,36.7,54.5,Red Laterite,186.0,18.54,4.56
2014,497.8,41.0,82.8,Silt Loam,165.0,15.5,6.15
2016,786.7,19.7,43.9,Clay,130.3,16.5,6.67
2016,353.4,28.7,82.5,Silt Loam,269.3,13.26,6.59
2017,460.5,22.4,36.3,Clay,241.8,23.54,6.08
2012,447.8,20.3,86.5,Black Cotton,205.5,1.15,6.96
2016,543.0,41.9,40.7,Red Laterite,79.7,16.54,4.34
2013,703.2,28.6,42.0,Red Laterite,298.3,1.2,6.29
2020,417.6,40.0,82.5,Black Cotton,342.0,13.74,6.19
2021,554.5,32.2,60.1,Red Laterite,169.2,16.17,5.94
2018,382.2,26.3,64.7,Sandy Loam,171.4,9.46,6.28
2010,542.5,36.2,42.5,Silt Loam,180.1,0.7,6.58
2024,518.9,36.1,51.5,Black Cotton,285.3,15.13,6.32
2013,458.8,31.5,56.7,Clay,258.8,16.33,5.52
2023,433.8,24.3,58.2,Clay,195.3,20.1,5.63
2014,363.5,35.8,79.5,Black Cotton,90.2,2.18,4.75
2012,367.2,33.3,69.0,Silt Loam,254.2,12.55,6.48
2018,166.6,41.3,50.5,Clay,258.9,18.31,4.27
2013,217.6,18.4,46.9,Black Cotton,129.7,20.09,5.69
2022,173.8,19.9,76.3,Clay,47.9,19.5,4.61
2011,557.4,22.4,84.3,Silt Loam,291.5,20.79,8.68
2013,438.6,41.4,48.6,Sandy Loam,93.7,18.52,5.32
2011,540.9,41.6,61.0,Silt Loam,329.6,4.39,6.73
2018,540.7,24.1,70.1,Clay,145.3,1.78,5.75
2020,313.3,20.7,69.8,Silt Loam,34.8,19.96,5.57
2013,156.7,19.0,78.1,Black Cotton,250.3,4.3,5.88
2022,217.1,21.8,40.0,Red Laterite,138.3,24.26,4.45
2015,633.4,34.8,78.5,Clay,186.1,8.26,6.19
2018,741.4,36.2,79.3,Black Cotton,264.6,1.02,6.77
2014,824.0,29.6,59.1,Silt Loam,203.7,12.51,8.19
2019,290.0,26.3,75.3,Silt Loam,307.7,15.17,7.1
2018,266.3,25.1,49.5,Silt Loam,175.3,19.51,5.84
2018,434.3,22.5,36.0,Silt Loam,278.3,6.35,6.97
2018,764.3,22.6,72.6,Red Laterite,79.3,7.44,5.87
2016,630.7,20.7,63.8,Sandy Loam,44.0,23.48,6.69
2011,514.0,20.4,66.4,Black Cotton,240.5,13.38,7.25
2021,592.7,19.2,47.1,Sandy Loam,34.2,23.07,5.86
2023,210.0,37.2,38.3,Red Laterite,267.9,22.32,3.41
2023,426.8,35.0,80.3,Silt Loam,199.3,18.49,6.69
2013,870.4,20.3,74.9,Red Laterite,153.3,5.23,7.11
2020,336.6,33.0,44.8,Red Laterite,162.9,3.09,4.27
2017,676.9,28.2,40.7,Clay,206.0,12.86,6.11
2020,268.6,42.0,59.4,Silt Loam,318.8,13.98,6.4
2016,723.1,28.3,74.9,Red Laterite,107.0,13.87,6.13
2016,724.3,40.2,49.0,Black Cotton,173.2,10.23,5.88
2019,162.2,21.2,84.0,Sandy Loam,126.1,5.94,4.73
2023,386.2,36.5,86.9,Silt Loam,324.1,13.03,6.54
2011,178.3,26.5,42.6,Silt Loam,314.7,6.62,5.8
2014,758.3,20.2,57.0,Clay,265.0,18.23,7.6
2023,824.3,34.9,80.1,Sandy Loam,220.5,7.86,7.37
2021,756.3,27.2,77.9,Silt Loam,141.3,20.52,7.13
2023,727.8,35.9,81.7,Sandy Loam,232.8,15.99,7.72
2010,378.6,19.0,64.7,Clay,134.6,17.6,6.22
2016,878.3,36.1,66.6,Sandy Loam,101.1,7.6,7.2
2016,261.0,26.1,61.2,Sandy Loam,205.4,6.93,5.64
2021,247.8,21.2,65.8,Black Cotton,156.5,14.5,5.92
2018,612.0,35.7,48.5,Sandy Loam,115.2,11.04,5.76
2011,653.8,28.2,54.2,Silt Loam,140.2,16.56,6.63
2022,378.6,41.7,68.9,Black Cotton,229.4,11.29,5.63
2020,430.4,36.2,81.9,Sandy Loam,266.7,6.45,6.45
2019,845.0,38.9,80.1,Sandy Loam,139.8,20.2,6.83
2015,306.8,30.9,46.2,Red Laterite,270.1,13.95,5.36
2019,697.4,21.4,73.4,Sandy Loam,150.5,22.7,7.36
2010,363.0,36.9,69.0,Sandy Loam,178.8,23.66,5.65
2011,441.5,24.5,81.9,Silt Loam,306.6,0.97,8.09
2013,884.8,30.2,74.0,Silt Loam,185.1,15.13,7.65
2011,289.8,30.0,60.2,Sandy Loam,42.7,23.1,4.7
2021,267.8,26.3,54.4,Silt Loam,105.6,24.47,5.99
2018,356.9,19.5,49.2,Black Cotton,314.9,20.46,7.11
2014,319.2,26.2,56.6,Clay,58.1,9.86,4.72
2020,609.3,33.0,47.5,Clay,213.3,10.95,5.83
2017,556.7,23.0,42.6,Red Laterite,248.9,5.46,6.67
2012,381.7,34.9,63.8,Clay,167.6,22.77,5.21
2019,837.8,25.6,65.7,Sandy Loam,88.9,21.07,6.71
2012,695.3,36.4,83.4,Black Cotton,337.6,7.93,7.32
2020,849.9,24.6,77.9,Sandy Loam,72.1,1.14,6.73
2019,612.7,32.5,68.7,Red Laterite,104.3,17.34,5.14
2017,250.6,38.3,60.8,Silt Loam,88.9,9.99,5.22
2017,253.1,22.6,36.8,Sandy Loam,326.1,23.78,6.3
2013,718.3,19.6,86.0,Black Cotton,307.5,12.5,8.87
2015,800.1,39.3,58.5,Sandy Loam,224.5,20.7,6.89
2021,579.0,30.9,70.3,Sandy Loam,196.6,11.56,6.57
2023,808.3,39.1,48.5,Red Laterite,156.6,18.51,5.2
2020,871.9,22.6,59.2,Silt Loam,277.6,7.5,8.48
2012,466.8,32.7,38.0,Red Laterite,319.2,11.86,5.43
2018,234.9,36.7,86.6,Red Laterite,73.3,10.63,3.79
2017,168.7,28.9,84.3,Clay,312.4,2.71,5.3
2021,747.4,35.2,41.8,Sandy Loam,256.0,16.03,7.4
2011,542.9,27.2,78.5,Red Laterite,225.9,4.42,6.28
2012,834.2,31.6,71.3,Clay,81.9,4.04,6.26
2022,684.0,28.1,52.0,Black Cotton,122.4,4.93,7.12
2010,616.9,24.1,60.2,Black Cotton,203.9,0.64,6.49
2024,520.1,23.2,71.3,Black Cotton,161.2,2.45,6.51
2018,358.6,33.1,80.1,Clay,45.7,4.13,4.49
2020,411.8,21.5,36.8,Red Laterite,298.2,7.81,6.02
2016,895.3,21.9,50.6,Red Laterite,213.1,14.27,7.07
2017,712.0,26.6,37.0,Silt Loam,133.3,22.49,7.26
2023,562.9,25.0,42.4,Silt Loam,135.3,10.64,6.23
2013,671.9,32.7,41.0,Red Laterite,345.9,12.35,5.97
2021,365.4,32.6,52.4,Red Laterite,214.0,15.77,4.23
2024,247.3,31.5,63.6,Black Cotton,187.6,4.91,4.79
2013,151.2,18.6,69.4,Sandy Loam,266.0,5.58,5.94
2019,899.2,27.9,53.4,Red Laterite,287.9,5.7,6.77
2014,742.6,25.4,62.9,Silt Loam,275.5,3.29,7.8
2015,406.0,35.4,68.9,Sandy Loam,296.3,5.25,6.84
2017,837.1,37.1,70.5,Black Cotton,79.7,11.79,5.55
2023,552.7,26.0,78.1,Black Cotton,326.9,1.87,6.99
2020,386.6,30.9,46.5,Silt Loam,285.9,22.26,6.51
2015,199.7,21.6,81.2,Silt Loam,344.8,15.85,7.3
2016,290.5,20.8,78.0,Silt Loam,255.7,8.21,6.77
2010,353.6,20.1,83.2,Silt Loam,174.6,23.79,7.22
2011,430.7,18.9,46.1,Sandy Loam,172.0,1.11,6.94
2017,828.7,21.7,53.7,Black Cotton,264.4,13.33,7.89
2023,223.7,41.6,63.4,Clay,95.7,1.4,3.48
2016,685.3,30.5,35.2,Sandy Loam,249.9,15.06,7.29
2010,227.3,36.4,76.0,Sandy Loam,214.8,8.15,5.65
2024,307.4,22.8,50.8,Red Laterite,132.1,11.31,5.04
2014,235.8,41.0,65.8,Sandy Loam,96.1,9.08,4.53
2015,353.3,40.6,79.2,Red Laterite,108.3,2.25,4.04
2017,188.0,18.7,84.7,Sandy Loam,63.9,1.82,5.39
2016,443.9,34.9,84.0,Black Cotton,227.2,8.15,6.5
2020,757.0,19.9,85.8,Black Cotton,211.7,2.78,7.56
2022,839.8,29.2,60.1,Black Cotton,180.6,23.71,7.62
2014,834.6,27.4,73.5,Silt Loam,282.4,22.12,9.08
2017,515.6,19.6,41.2,Black Cotton,177.6,4.68,6.61
2012,531.0,27.7,74.3,Sandy Loam,134.3,16.41,6.2
2022,376.6,29.1,67.5,Clay,228.7,13.92,6.17
2015,306.2,34.7,58.7,Black Cotton,211.5,8.88,5.25
2021,327.1,33.9,39.3,Red Laterite,297.8,3.3,4.63
2011,766.5,22.2,87.6,Sandy Loam,221.4,17.29,8.14
2019,728.5,27.1,62.2,Sandy Loam,59.0,20.52,7.19
2020,757.4,36.2,71.3,Black Cotton,200.0,10.05,6.32
2019,485.4,22.9,83.3,Silt Loam,212.5,22.87,7.37
2016,688.3,40.0,89.5,Red Laterite,32.6,24.67,5.85
2016,785.7,38.5,38.4,Red Laterite,339.7,0.52,5.26
2011,795.9,38.8,47.9,Red Laterite,156.2,8.29,5.22
2016,454.5,28.4,46.6,Clay,182.0,5.11,5.03
2023,462.9,24.9,83.0,Clay,73.0,2.26,6.28
2010,258.0,39.2,71.2,Clay,57.1,16.23,3.49
2022,671.5,40.3,69.3,Black Cotton,193.0,14.03,6.48
2017,438.5,23.4,58.4,Sandy Loam,214.9,21.25,6.83
2016,844.9,31.8,36.8,Sandy Loam,211.8,17.77,7.53
2011,585.2,41.1,39.4,Red Laterite,344.7,24.6,5.57
2011,542.5,32.6,48.5,Sandy Loam,248.9,13.71,6.21
2019,384.4,19.3,53.9,Sandy Loam,180.0,13.06,6.05
2016,414.7,41.5,51.2,Clay,41.3,23.11,4.0
2021,378.1,36.8,49.3,Black Cotton,215.0,14.54,5.18
2021,618.2,24.9,39.5,Red Laterite,54.6,19.7,4.93
2014,249.4,24.7,82.2,Sandy Loam,267.3,15.29,7.04
2020,485.0,37.4,49.4,Clay,185.2,20.08,4.94
2023,174.8,41.6,88.2,Red Laterite,328.9,4.28,3.49
2022,437.4,33.9,74.9,Clay,97.5,18.49,5.2
2015,190.7,24.3,80.1,Sandy Loam,83.6,10.27,5.15
2022,841.8,23.6,72.6,Black Cotton,181.9,4.06,8.24
2023,476.1,24.9,78.9,Black Cotton,247.1,24.06,6.95
2024,548.5,26.5,81.4,Red Laterite,323.8,21.53,6.74
2015,352.7,37.3,49.0,Red Laterite,155.2,19.44,4.3
2019,727.9,30.5,72.3,Clay,130.2,0.76,5.85
2010,773.8,18.3,40.4,Sandy Loam,249.4,9.11,7.94
2010,167.8,20.2,86.6,Clay,334.2,16.13,5.88
2021,868.3,20.1,68.3,Black Cotton,240.0,22.55,7.33
2024,233.1,22.4,51.2,Sandy Loam,234.4,23.11,5.66
2014,727.0,34.6,71.7,Silt Loam,112.3,19.63,6.94
2016,399.5,19.4,87.6,Silt Loam,86.9,2.2,7.04
2024,300.5,27.4,70.5,Sandy Loam,76.0,19.33,5.52
2024,481.2,24.2,36.9,Sandy Loam,212.8,6.64,7.06
2017,164.1,29.9,70.9,Sandy Loam,328.5,16.78,5.84
2024,443.5,18.1,73.9,Black Cotton,183.0,10.4,7.46
2021,735.7,36.8,64.7,Sandy Loam,153.0,17.39,6.72
2018,851.3,26.6,72.5,Black Cotton,47.7,24.93,6.53
2020,218.0,30.8,87.9,Sandy Loam,299.2,19.13,6.19
2018,179.5,27.2,45.5,Black Cotton,316.9,15.95,5.64
2015,514.9,39.2,59.1,Clay,74.8,5.23,4.64
2017,441.6,37.0,70.4,Black Cotton,200.9,20.94,5.35
2017,874.9,18.4,53.7,Silt Loam,282.1,1.55,9.29
2020,542.3,40.6,82.9,Red Laterite,77.7,14.69,5.24
2024,204.0,35.7,61.9,Sandy Loam,180.8,22.99,5.53
2012,160.8,33.2,84.8,Sandy Loam,176.0,4.68,5.44
2019,198.0,37.6,41.3,Red Laterite,285.7,5.9,4.23
2022,776.9,35.7,57.1,Sandy Loam,342.3,14.61,7.15
2012,391.2,41.2,46.7,Sandy Loam,219.8,8.72,5.55
2016,276.0,26.9,44.1,Clay,326.2,1.5,5.69
2011,743.3,33.2,55.7,Clay,35.0,12.43,5.64
2011,680.1,32.2,50.6,Black Cotton,251.6,5.55,6.78
2020,353.2,28.8,48.2,Clay,225.4,1.42,5.63
2011,620.4,36.8,54.1,Sandy Loam,208.5,5.2,6.87
2018,882.6,32.9,82.5,Red Laterite,192.4,11.87,6.65
2010,295.3,37.1,72.7,Black Cotton,189.2,4.41,5.05
2024,182.3,33.5,50.7,Black Cotton,110.4,15.61,4.48
2011,705.3,40.2,44.7,Sandy Loam,185.2,3.34,6.03
2024,326.5,28.7,66.9,Black Cotton,93.6,17.08,4.94
2015,320.8,23.7,57.7,Clay,150.2,5.91,5.94
2017,588.8,19.3,59.0,Clay,326.9,11.65,7.22
2021,295.6,26.6,49.8,Silt Loam,70.7,17.46,5.53
2010,360.5,20.7,60.6,Black Cotton,84.8,8.92,6.04
2022,745.9,40.9,84.8,Red Laterite,340.4,21.45,6.31
2011,458.8,30.5,82.4,Clay,219.3,21.01,6.12
2021,804.4,23.9,58.9,Clay,315.4,15.0,8.18
2012,835.3,39.6,58.0,Sandy Loam,42.8,12.03,5.95
2018,445.7,37.4,73.3,Sandy Loam,174.8,6.39,5.92
2018,714.8,34.6,57.4,Clay,72.5,7.75,5.46
2017,651.8,21.9,60.3,Red Laterite,269.1,1.1,6.8
2017,497.8,21.3,73.7,Clay,282.8,9.58,6.55
2023,620.5,27.2,73.0,Red Laterite,40.5,10.93,5.55
2014,673.5,32.7,66.6,Clay,282.1,2.48,7.2
2010,536.1,39.8,55.0,Sandy Loam,65.5,9.46,4.85
2019,180.7,26.8,70.6,Sandy Loam,209.4,19.45,5.91
2018,235.2,29.5,86.7,Red Laterite,308.8,17.72,5.76
2022,708.8,23.4,54.4,Silt Loam,191.1,10.86,8.08
2017,514.7,30.6,41.7,Red Laterite,247.1,13.55,5.73
2014,489.0,26.8,72.0,Sandy Loam,90.3,22.16,6.58
2012,366.3,41.0,41.0,Silt Loam,65.8,4.12,4.84
2012,806.2,30.5,69.5,Silt Loam,163.3,17.22,8.02
2016,482.9,33.5,51.0,Sandy Loam,37.1,20.15,5.01
2023,860.6,33.5,57.6,Silt Loam,239.8,19.78,7.27
2018,781.4,28.7,51.7,Clay,317.5,8.01,7.23
2022,345.0,29.6,88.4,Sandy Loam,77.5,7.47,6.22
2012,683.9,24.8,88.5,Clay,81.6,3.36,6.46
2015,580.9,28.6,55.3,Clay,210.0,1.35,6.16
2015,486.3,41.4,64.4,Sandy Loam,324.5,10.41,6.67
2017,726.4,40.7,86.0,Clay,31.4,18.59,5.66
2021,371.7,39.5,88.3,Red Laterite,243.4,20.09,5.21
2021,830.2,28.6,72.9,Black Cotton,318.1,3.92,7.63
2016,613.1,23.3,54.7,Silt Loam,47.6,16.21,6.54
2019,544.8,36.8,77.2,Clay,37.2,13.69,4.48
2011,881.9,27.5,62.0,Red Laterite,223.6,23.61,7.16
2024,650.1,27.5,74.4,Black Cotton,148.3,9.63,6.76
2017,805.7,20.1,75.0,Black Cotton,267.3,10.68,8.55
2017,366.5,37.3,88.4,Black Cotton,263.2,10.65,6.29
2012,305.8,29.4,82.7,Silt Loam,51.2,24.02,5.23
2022,431.8,18.2,70.1,Silt Loam,162.6,14.12,7.16
2012,299.4,38.0,50.9,Black Cotton,43.5,20.74,3.39
2023,588.9,29.9,75.7,Clay,38.6,0.56,5.45
2023,627.4,21.0,71.6,Silt Loam,163.5,12.55,8.67
2021,633.6,18.7,77.1,Black Cotton,348.2,2.13,8.15
2019,477.1,24.2,72.7,Sandy Loam,149.4,18.46,6.31
2010,784.0,21.9,38.2,Silt Loam,177.5,17.49,7.66
2015,464.6,39.9,54.6,Silt Loam,123.3,16.15,5.75
2011,535.4,36.4,45.1,Sandy Loam,221.6,4.59,6.05
2023,663.7,25.2,72.7,Silt Loam,60.7,14.71,7.3
2023,257.8,21.3,50.5,Black Cotton,161.8,23.06,5.66
2018,315.8,22.5,84.3,Red Laterite,250.7,23.84,6.24
2023,549.1,31.2,76.6,Sandy Loam,163.6,22.94,6.86
2010,509.6,25.5,54.9,Black Cotton,314.7,15.14,7.07
2022,877.6,22.1,51.8,Sandy Loam,101.2,21.49,7.54
2012,307.4,41.5,58.4,Sandy Loam,54.9,19.48,4.47
2022,473.4,22.7,36.8,Red Laterite,219.8,11.99,5.85
2014,650.7,36.1,78.0,Red Laterite,95.7,22.58,5.4
2012,653.0,18.7,43.0,Silt Loam,333.6,9.02,8.49
2021,609.7,30.1,38.8,Red Laterite,274.2,13.46,6.36
2021,293.7,24.8,84.6,Red Laterite,31.4,18.27,5.25
2023,680.8,26.8,67.4,Black Cotton,245.5,3.13,6.96
2023,416.1,27.1,46.8,Clay,160.4,19.15,5.3
2018,251.9,36.3,73.8,Red Laterite,261.1,2.52,5.18
2017,236.8,24.8,68.0,Silt Loam,249.9,21.11,6.57
2023,471.0,38.6,84.2,Black Cotton,330.5,9.5,6.86
2010,899.0,29.8,40.8,Black Cotton,197.3,17.07,7.29
2021,592.9,20.4,85.9,Clay,50.7,24.39,6.58
2015,300.2,38.3,57.2,Clay,298.2,18.27,4.98
2019,595.2,36.2,79.1,Black Cotton,144.0,16.83,6.74
2016,890.6,30.3,43.1,Black Cotton,64.6,6.64,5.75
2012,172.3,35.7,80.7,Black Cotton,247.0,24.32,5.16
2016,603.4,25.8,51.7,Red Laterite,60.8,2.37,5.31
2022,499.5,25.0,62.4,Red Laterite,113.7,8.92,4.93
2023,555.4,18.4,77.0,Black Cotton,311.6,3.42,7.19
2017,494.7,18.8,65.6,Silt Loam,313.1,4.52,8.26
2016,250.9,35.2,61.8,Sandy Loam,212.0,12.52,4.98
2017,506.9,38.5,62.9,Black Cotton,114.3,14.98,5.21
2016,612.7,26.5,88.8,Silt Loam,49.7,14.97,7.2
2022,706.5,18.6,84.0,Silt Loam,151.8,10.99,8.52
2015,458.9,19.4,48.4,Clay,237.4,15.02,6.57
2014,235.9,22.1,64.6,Sandy Loam,177.5,21.65,5.92
2019,536.1,28.1,36.1,Black Cotton,218.2,24.65,5.98
2019,223.3,29.7,73.0,Clay,137.5,12.82,5.03
2022,650.5,22.0,51.5,Black Cotton,94.6,16.07,6.63
2023,551.9,24.9,37.6,Red Laterite,158.6,6.03,5.58
2021,868.5,35.2,66.8,Red Laterite,137.8,2.15,6.25
2013,410.5,19.8,80.3,Red Laterite,287.3,11.11,6.25
2018,385.0,27.9,48.8,Red Laterite,175.0,19.2,5.12
2021,537.2,22.5,62.5,Black Cotton,115.7,16.13,6.48
2022,610.8,36.5,58.9,Red Laterite,262.5,1.97,6.0
2013,262.9,34.4,51.5,Black Cotton,161.3,21.57,5.16
2024,198.3,22.9,57.7,Silt Loam,236.7,6.78,5.96
2011,262.5,18.7,78.8,Silt Loam,178.5,14.22,6.61
2016,466.5,39.7,46.1,Silt Loam,73.7,6.83,5.4
2012,633.2,19.0,74.7,Sandy Loam,47.7,22.46,6.47
2015,601.2,38.8,84.5,Black Cotton,317.0,16.96,7.15
2023,693.2,21.4,41.2,Red Laterite,328.5,13.29,6.74
2023,585.3,36.6,63.9,Black Cotton,313.1,6.33,7.1
2015,774.3,35.7,79.3,Clay,329.4,5.84,7.63
2011,281.4,41.3,59.2,Silt Loam,306.1,1.87,5.25
2011,387.4,28.2,72.6,Silt Loam,311.4,23.46,7.09
2015,506.4,26.8,51.9,Red Laterite,41.1,18.62,4.83
2024,741.6,23.8,65.4,Silt Loam,234.5,17.67,8.08
2024,759.2,20.9,82.7,Black Cotton,154.3,22.79,6.92
2014,375.7,40.5,76.6,Silt Loam,97.3,22.31,6.07
2024,479.1,25.6,79.7,Black Cotton,282.6,7.21,7.64
2017,503.3,27.9,81.3,Black Cotton,310.6,20.6,7.46
2023,270.3,24.3,38.7,Black Cotton,222.7,20.43,5.5
2010,721.5,33.4,45.1,Black Cotton,283.1,3.83,6.46
2016,300.1,25.3,66.7,Sandy Loam,80.5,13.15,6.17
2022,247.6,32.3,57.6,Silt Loam,174.5,21.9,5.48
2012,345.5,34.5,80.5,Silt Loam,93.6,10.66,6.04
2023,813.3,23.4,87.1,Red Laterite,237.1,15.85,8.17
2024,216.7,29.1,49.4,Clay,45.9,15.64,3.68
2015,277.6,31.6,35.8,Red Laterite,169.3,23.04,4.1
2017,770.4,29.9,47.3,Clay,91.0,21.62,6.0
2017,436.6,28.4,46.4,Clay,348.5,7.43,5.9
2020,292.0,22.3,78.6,Sandy Loam,122.9,6.91,5.55
2015,587.2,33.5,39.7,Black Cotton,72.6,8.42,4.78
2021,448.2,23.1,56.1,Black Cotton,265.6,6.78,6.83
2015,848.3,29.3,54.5,Red Laterite,330.6,24.2,7.14
2019,682.2,37.4,35.3,Red Laterite,228.3,7.91,5.27
2024,569.7,31.9,49.3,Red Laterite,187.7,8.81,5.77
2017,248.9,25.6,64.2,Clay,113.3,8.18,5.27
2023,360.8,26.7,58.7,Silt Loam,226.1,19.16,6.61
2014,537.7,28.5,44.1,Black Cotton,274.4,4.21,6.87
2022,480.0,22.5,38.0,Clay,41.5,6.88,4.65
2021,500.3,20.8,84.2,Black Cotton,43.1,9.23,6.14
2017,234.4,35.3,43.1,Silt Loam,59.9,21.77,4.06
2012,776.2,36.0,80.2,Red Laterite,315.1,14.85,6.04
2018,725.1,22.3,85.6,Clay,275.8,17.08,7.33
2024,396.5,24.8,89.0,Sandy Loam,156.1,14.96,7.36
2012,171.7,29.0,73.9,Black Cotton,175.3,23.9,4.92
2019,643.5,25.9,37.4,Red Laterite,334.3,8.46,6.46
2022,576.9,23.1,37.7,Silt Loam,133.4,1.86,6.28
2011,560.4,32.5,40.1,Silt Loam,87.0,24.14,6.08
2023,306.2,27.3,57.1,Clay,68.6,12.53,4.49
2016,701.9,40.1,84.7,Red Laterite,72.0,16.81,5.5
2017,484.1,27.3,49.8,Red Laterite,165.4,19.03,5.09
2022,426.2,22.5,69.7,Sandy Loam,42.9,8.87,5.72
2020,685.2,40.3,64.0,Red Laterite,56.9,11.97,4.88
2011,830.4,29.5,43.2,Clay,249.0,7.86,6.88
2019,185.8,19.8,37.5,Sandy Loam,193.4,10.62,5.95
2017,645.6,31.6,48.9,Silt Loam,217.4,19.33,7.71
2017,284.7,22.4,56.6,Sandy Loam,163.2,17.76,6.04
2015,590.4,28.9,71.9,Red Laterite,288.5,8.86,7.12
2013,288.8,35.9,68.2,Sandy Loam,168.8,0.94,5.08
2016,237.5,22.1,61.2,Black Cotton,308.0,24.16,5.86
2019,759.8,32.8,73.0,Black Cotton,287.5,2.65,7.17
2012,160.4,20.7,35.9,Clay,304.9,5.63,4.93
2016,781.6,38.6,64.6,Sandy Loam,126.3,11.85,6.12
2017,466.4,20.8,84.6,Black Cotton,338.4,12.05,7.88
2013,371.1,37.9,56.5,Silt Loam,32.5,15.95,4.5
2021,473.8,28.0,62.3,Red Laterite,220.7,14.08,5.73
2017,535.0,35.4,86.4,Black Cotton,104.2,1.99,6.32
2010,466.5,25.6,38.5,Black Cotton,314.5,3.37,6.18
2017,673.1,18.5,50.8,Clay,180.2,11.23,6.6
2018,314.8,39.8,53.7,Red Laterite,303.1,18.02,4.0
2021,683.5,41.0,80.8,Silt Loam,284.7,20.09,7.57
2023,271.5,23.0,73.0,Sandy Loam,243.5,3.66,6.67
2011,745.1,40.6,62.2,Clay,97.0,1.65,5.96
2010,419.1,24.3,72.2,Clay,294.9,22.41,6.72
2016,235.5,23.4,65.9,Black Cotton,112.5,8.84,5.29
2015,727.0,36.5,65.6,Clay,303.1,21.91,6.62
2010,845.0,28.5,60.1,Sandy Loam,341.9,19.65,8.03
2019,736.6,40.7,80.3,Sandy Loam,192.3,4.59,7.07
2015,267.8,25.0,59.3,Red Laterite,189.5,21.83,5.19
2012,635.3,26.0,42.6,Clay,170.5,10.69,6.26
2022,505.2,24.9,44.4,Silt Loam,149.2,18.99,6.44
2015,622.1,23.9,76.4,Red Laterite,165.0,6.09,6.61
2016,823.5,40.8,63.4,Silt Loam,332.0,11.34,7.33
2022,157.5,37.3,86.9,Sandy Loam,138.3,10.34,4.9
2016,719.4,33.8,70.3,Red Laterite,48.5,15.97,4.97
2021,749.3,39.0,88.5,Black Cotton,158.6,17.18,6.39
2021,385.3,26.3,80.5,Red Laterite,225.3,4.1,5.81
2016,484.6,22.9,64.9,Red Laterite,238.7,17.59,6.76
2016,731.6,39.1,39.6,Red Laterite,137.0,18.26,4.77
2021,809.9,30.5,64.7,Clay,59.7,14.02,5.47
2012,167.6,39.4,64.7,Silt Loam,107.2,19.47,4.47
2021,467.1,30.1,75.3,Silt Loam,113.1,12.93,6.92
2011,486.6,31.7,35.3,Silt Loam,344.5,20.23,7.29
2019,574.2,39.5,69.5,Red Laterite,300.2,6.23,5.73
2023,686.1,34.1,74.3,Red Laterite,266.0,3.08,6.98
2018,586.8,37.7,54.9,Sandy Loam,76.9,10.93,5.47
2016,816.4,29.4,59.5,Silt Loam,246.6,10.37,8.07
2018,539.2,27.5,49.5,Black Cotton,233.7,24.91,6.23
2021,880.0,37.8,42.9,Clay,185.1,11.71,5.4
2021,534.9,30.7,73.2,Black Cotton,181.5,18.79,6.77
2011,601.2,27.8,41.6,Red Laterite,122.7,13.31,5.32
2011,428.6,41.8,51.7,Black Cotton,39.0,4.0,4.29
2024,820.7,39.3,46.9,Black Cotton,30.7,13.91,5.01
2011,802.8,28.0,66.5,Red Laterite,174.8,8.78,6.14
2023,604.3,36.3,62.8,Black Cotton,273.7,16.85,7.04
2012,799.8,25.8,79.0,Red Laterite,161.1,6.2,6.51
2020,817.5,35.7,70.5,Clay,256.3,14.51,7.18
2022,728.7,25.4,70.5,Red Laterite,57.2,23.9,5.36
2019,541.3,36.0,62.6,Sandy Loam,68.5,23.44,5.46
2012,871.8,24.6,46.3,Red Laterite,172.2,20.27,6.37
2010,518.6,40.4,53.7,Clay,162.8,21.56,4.91
2015,436.5,20.2,88.9,Red Laterite,83.8,4.03,5.8
2014,864.1,34.3,38.2,Silt Loam,88.1,17.98,6.79
2014,442.5,25.7,57.7,Silt Loam,112.5,23.57,6.51
2013,714.1,32.1,62.1,Red Laterite,153.2,3.32,5.9
2010,388.8,31.3,38.6,Sandy Loam,160.4,6.23,5.78
2019,656.3,23.9,65.5,Clay,127.5,10.47,6.33
2011,784.7,30.0,78.1,Clay,149.5,24.64,6.88
2016,871.0,31.3,37.3,Black Cotton,337.6,15.71,6.94
2020,879.1,18.0,86.3,Black Cotton,117.5,6.65,7.39
2023,624.2,32.0,63.1,Sandy Loam,81.7,13.59,5.01
2011,375.5,27.5,41.8,Clay,262.0,24.97,5.84
2018,868.1,25.6,72.5,Silt Loam,233.3,24.5,8.3
2021,489.5,23.9,89.1,Silt Loam,97.4,24.0,6.7
2012,634.8,18.0,61.2,Sandy Loam,245.3,10.62,8.61
2024,672.4,29.7,56.6,Sandy Loam,281.9,16.4,7.48
2023,762.0,28.7,41.8,Black Cotton,294.8,9.27,7.26
2012,779.4,37.5,89.1,Sandy Loam,178.1,23.44,7.01
2010,718.8,34.3,74.0,Clay,58.8,15.53,5.82
2014,756.3,23.3,88.9,Silt Loam,41.8,12.57,7.35
2010,297.1,37.7,56.8,Silt Loam,212.1,12.6,5.21
2018,295.3,35.7,72.0,Red Laterite,210.8,2.1,4.89
2014,850.2,38.5,83.5,Silt Loam,91.4,17.11,7.15
2021,658.3,32.7,72.4,Black Cotton,30.6,10.96,5.5
2023,854.1,28.4,89.7,Silt Loam,68.9,13.2,7.16
2017,421.1,36.2,83.6,Clay,45.0,23.0,4.44
2016,296.0,20.0,66.5,Sandy Loam,346.9,6.03,6.98
2021,467.9,19.8,48.7,Clay,135.4,2.04,5.9
2016,756.0,32.2,69.4,Silt Loam,299.0,6.56,7.96
2017,328.8,26.2,38.0,Silt Loam,196.3,6.3,6.55
2017,723.1,33.0,66.8,Sandy Loam,341.8,22.96,7.88
2016,385.0,38.3,38.6,Clay,49.8,20.16,4.29
2016,199.3,34.3,65.8,Silt Loam,302.0,10.34,6.1
2019,714.0,23.6,68.0,Red Laterite,33.4,9.91,5.99
2019,226.0,33.6,72.2,Sandy Loam,175.3,8.54,4.67
2013,231.0,18.3,74.2,Red Laterite,282.6,5.24,5.45
2014,416.5,29.6,69.1,Clay,107.8,20.03,5.11
2010,245.8,32.0,63.2,Silt Loam,129.6,22.19,5.48
2014,602.5,25.0,88.4,Red Laterite,217.7,17.12,6.61
2010,328.0,37.7,65.8,Sandy Loam,165.1,5.29,5.62
2022,201.3,22.5,61.2,Black Cotton,221.9,8.61,6.41
2019,574.6,26.1,51.5,Silt Loam,81.9,11.63,6.57
2013,840.0,33.3,73.1,Black Cotton,229.7,6.36,7.24
2021,726.3,37.6,79.4,Black Cotton,95.7,5.01,6.52
2011,418.4,31.3,42.8,Black Cotton,92.2,14.85,5.02
2022,419.9,41.4,46.0,Silt Loam,85.7,22.19,4.98
2018,334.5,22.7,44.7,Silt Loam,321.4,1.01,6.63
2020,252.9,33.7,83.7,Silt Loam,329.6,7.97,6.59
2020,278.5,30.6,78.9,Red Laterite,312.1,22.02,6.16
2011,238.9,39.2,42.2,Clay,91.3,9.77,3.2
2020,333.4,19.1,68.9,Clay,303.4,7.71,6.9
2012,395.8,19.3,78.8,Clay,302.5,24.23,7.12
2011,738.5,37.0,68.8,Clay,192.8,18.91,6.19
2020,713.4,27.0,63.5,Clay,133.0,9.66,6.29
2017,505.3,31.9,70.1,Red Laterite,237.9,5.58,5.38
2024,302.3,38.7,56.8,Silt Loam,166.0,9.74,5.77
2014,562.9,21.2,39.6,Black Cotton,196.0,6.14,7.24
2010,498.9,32.9,58.4,Black Cotton,168.4,9.5,5.63
2010,284.7,23.6,70.5,Silt Loam,318.5,7.72,7.07
2018,534.6,33.4,78.2,Clay,61.5,2.25,5.56
2013,656.3,24.0,76.0,Silt Loam,91.0,15.3,7.39
2012,898.8,36.1,75.7,Silt Loam,32.7,7.84,7.04
2016,859.4,37.7,76.7,Sandy Loam,181.0,13.06,6.69
2022,863.6,38.8,47.5,Clay,181.8,13.14,6.28
2021,760.8,26.2,39.7,Clay,167.2,23.58,5.91
2016,307.2,28.8,65.7,Silt Loam,74.5,21.91,5.39
2017,757.8,38.0,53.7,Black Cotton,166.2,18.94,6.81
2022,734.0,30.9,52.9,Sandy Loam,211.6,1.29,7.77
2015,576.1,37.2,85.3,Red Laterite,307.4,24.51,7.03
2013,861.5,19.5,56.3,Black Cotton,64.8,14.45,6.32
2011,278.6,34.2,44.8,Red Laterite,186.4,5.07,4.52
2011,833.5,27.3,46.3,Silt Loam,241.1,2.21,8.33
2012,395.1,39.8,56.5,Sandy Loam,71.3,10.75,4.96
2021,201.6,40.9,82.6,Clay,308.5,8.09,5.13
2012,602.8,40.5,67.3,Red Laterite,259.4,11.74,5.26
2013,155.6,21.4,38.5,Black Cotton,223.6,6.55,4.99
2017,495.2,31.8,75.6,Silt Loam,236.8,23.01,7.55
2015,675.2,35.1,51.4,Red Laterite,293.5,21.32,5.96
2019,699.9,29.0,85.1,Clay,253.5,2.84,7.35
2021,859.3,23.8,82.9,Silt Loam,312.4,13.67,8.94
2021,691.8,23.2,62.1,Red Laterite,68.8,9.53,5.81
2022,228.9,36.4,52.9,Black Cotton,82.7,5.58,4.14
2020,670.9,36.0,56.0,Black Cotton,303.8,10.22,6.81
2010,338.0,35.0,42.5,Black Cotton,185.1,2.17,4.8
2017,255.2,37.7,81.3,Clay,298.3,15.37,5.22
2012,370.6,30.8,56.5,Sandy Loam,244.8,0.77,6.15
2012,312.5,18.8,72.1,Clay,171.5,1.67,6.36
2020,758.6,33.4,74.4,Sandy Loam,155.0,8.05,7.13
2022,433.0,22.8,48.7,Clay,94.0,0.89,5.41
2010,892.0,26.1,45.6,Sandy Loam,100.6,22.12,7.27
2012,693.0,19.1,63.2,Silt Loam,133.3,15.86,7.17
2019,305.3,31.0,86.6,Sandy Loam,104.4,3.09,5.63
2020,387.2,27.3,60.2,Sandy Loam,240.5,7.32,6.57
2019,426.7,19.6,47.0,Silt Loam,275.6,12.74,7.91
2022,892.9,38.4,44.4,Sandy Loam,222.0,24.54,6.94
2021,441.4,40.2,77.4,Clay,136.3,16.07,5.31
2023,649.8,19.6,36.0,Red Laterite,173.7,13.02,6.06
2021,324.3,32.1,89.4,Clay,36.8,19.09,4.83
2016,717.9,32.9,38.3,Silt Loam,189.6,5.45,7.15
2016,303.3,18.9,85.8,Red Laterite,346.3,11.37,6.66
2015,632.7,36.3,63.6,Black Cotton,237.4,7.57,6.4
2010,321.8,35.6,53.9,Clay,202.6,22.71,4.77
2020,672.2,23.3,83.0,Red Laterite,132.9,11.34,6.36
2010,198.5,29.8,87.5,Sandy Loam,233.0,3.97,6.01
2019,561.6,37.1,46.2,Red Laterite,55.0,18.26,4.52
2014,273.1,22.7,58.3,Red Laterite,109.7,7.49,4.26
2014,796.8,29.5,87.3,Silt Loam,157.4,4.61,8.09
2017,467.0,32.6,58.8,Clay,292.3,19.94,6.4
2023,212.4,39.8,51.5,Red Laterite,78.9,18.3,3.19
2014,435.3,25.3,50.6,Red Laterite,223.9,2.26,5.96
2012,837.1,18.1,82.4,Silt Loam,187.3,23.18,9.09
2016,877.9,27.0,61.9,Red Laterite,52.8,22.18,6.19
2024,574.2,22.7,59.0,Silt Loam,276.8,18.91,7.85
2015,532.2,29.7,72.9,Sandy Loam,238.3,23.2,7.04
2010,841.1,26.7,73.9,Sandy Loam,253.2,16.31,7.89
2014,604.1,40.7,43.1,Clay,222.7,23.82,5.54
2022,219.2,35.1,56.1,Red Laterite,341.7,2.47,4.7
2024,291.6,28.2,80.6,Silt Loam,251.4,12.77,6.02
2019,381.0,27.9,83.2,Sandy Loam,65.0,14.53,5.68
2022,408.3,21.4,76.2,Black Cotton,253.7,0.66,7.14
2011,202.4,34.7,63.9,Silt Loam,264.6,4.68,6.12
2015,289.8,21.2,61.8,Red Laterite,333.5,11.54,6.03
2010,712.4,37.4,45.6,Black Cotton,171.0,22.87,5.89
2011,801.3,22.0,51.1,Black Cotton,69.9,2.07,6.96
2017,654.6,20.4,38.4,Sandy Loam,242.9,19.84,7.54
2010,222.6,30.5,35.4,Red Laterite,196.4,24.07,4.14
2022,402.8,28.3,55.4,Silt Loam,349.8,20.51,7.5
2015,648.8,27.1,38.1,Silt Loam,309.4,20.25,8.31
2016,693.9,39.3,42.6,Red Laterite,69.3,13.5,4.69
2021,713.6,24.0,59.9,Black Cotton,194.8,16.68,7.74
2023,391.6,33.2,83.0,Silt Loam,246.9,6.22,6.86
2017,450.1,32.7,39.5,Black Cotton,330.5,23.57,5.61
2021,828.9,35.6,51.2,Clay,257.8,21.81,6.74
2024,578.9,38.6,62.8,Clay,189.3,2.63,6.28
2023,500.1,39.5,87.5,Black Cotton,242.0,6.4,5.28
2013,277.8,40.7,73.5,Sandy Loam,169.2,18.04,5.57
2024,437.6,24.7,74.6,Black Cotton,334.5,16.93,7.77
2020,251.8,30.8,74.9,Sandy Loam,284.6,8.65,6.23
2024,600.5,33.5,55.7,Black Cotton,239.3,19.73,6.95
2023,477.7,23.6,49.3,Silt Loam,58.1,2.68,6.13
2021,856.5,31.7,42.0,Silt Loam,335.3,14.63,7.15
2010,383.1,32.2,45.4,Black Cotton,343.6,8.33,5.68
2022,244.7,33.9,67.5,Sandy Loam,156.5,13.69,5.65
2017,386.9,37.6,51.3,Clay,189.9,11.67,4.78
2020,786.8,37.9,36.9,Silt Loam,128.8,24.76,6.37
2011,355.1,38.3,66.6,Clay,188.4,17.75,4.29
2015,264.5,35.2,81.6,Clay,254.1,1.79,6.02
2023,732.0,38.6,75.0,Silt Loam,345.0,16.65,8.42
2018,444.2,28.1,61.0,Silt Loam,272.5,10.08,6.24
2018,695.1,24.8,85.8,Red Laterite,156.0,3.71,6.74
2022,190.6,40.4,51.7,Clay,214.7,11.33,3.62
2017,368.3,21.5,47.0,Clay,265.3,0.72,6.02
2020,739.1,38.6,55.7,Black Cotton,247.4,4.62,6.15
2010,222.0,41.4,44.9,Sandy Loam,67.6,13.13,3.62
2012,620.2,27.7,36.9,Clay,156.9,7.92,6.24
2019,865.9,33.7,55.6,Sandy Loam,278.9,21.69,7.44
2020,483.8,18.3,41.4,Sandy Loam,186.5,16.89,6.65
2018,318.7,32.1,89.3,Black Cotton,117.6,18.76,5.53
2017,900.0,34.9,51.4,Clay,61.8,2.06,5.58
2024,796.7,30.9,57.3,Sandy Loam,156.0,20.53,7.18
2011,539.2,32.0,74.3,Sandy Loam,271.1,5.58,6.68
2020,823.2,22.3,68.0,Clay,31.7,11.46,6.38
2019,304.7,21.9,65.9,Sandy Loam,57.1,3.56,5.66
2014,422.7,31.1,58.3,Sandy Loam,109.5,1.63,6.43
2014,644.4,28.7,66.7,Silt Loam,197.3,24.66,7.23
2015,604.6,30.3,72.8,Sandy Loam,105.9,5.11,6.35
2012,601.6,23.2,54.7,Clay,263.3,10.84,7.52
2018,341.2,27.2,84.7,Black Cotton,175.9,23.65,5.74
2012,551.9,19.7,75.3,Clay,258.6,14.31,6.5
2020,765.4,32.5,58.1,Clay,131.2,19.8,5.54
2013,208.1,21.0,41.0,Red Laterite,160.2,8.57,5.21
2011,422.1,26.0,50.0,Clay,117.6,2.9,5.59
2011,737.1,21.0,64.0,Silt Loam,218.4,20.27,8.22
2011,546.7,34.8,82.6,Red Laterite,116.7,2.93,5.71
2022,442.2,26.3,75.8,Red Laterite,206.5,22.11,6.05
2016,507.6,21.1,35.5,Red Laterite,258.2,16.61,6.4
2014,189.6,35.4,88.6,Clay,247.0,10.75,5.42
2017,287.3,41.7,78.9,Red Laterite,121.8,23.84,3.48
2024,760.5,25.3,82.2,Silt Loam,160.1,8.16,7.96
2011,626.0,19.8,48.2,Sandy Loam,82.8,1.91,6.71
2017,756.3,18.3,87.2,Red Laterite,328.4,3.84,7.56
2017,536.3,42.0,83.8,Sandy Loam,159.8,15.6,6.61
2021,468.7,30.8,54.0,Red Laterite,248.9,1.54,5.33
2017,873.5,34.2,83.5,Red Laterite,319.2,4.78,7.11
2015,864.4,28.1,55.9,Silt Loam,340.3,8.78,8.56
2020,337.3,30.9,77.2,Sandy Loam,122.8,12.34,5.76
2020,576.6,23.2,51.8,Red Laterite,294.2,1.37,6.61
2017,819.4,38.4,38.2,Sandy Loam,227.0,8.55,6.73
2024,691.8,27.6,35.5,Black Cotton,187.5,2.58,6.59
2018,823.9,27.9,85.2,Sandy Loam,79.8,16.59,7.34
2014,423.4,39.4,64.5,Silt Loam,64.8,11.25,5.66
2023,479.5,21.4,76.1,Sandy Loam,145.0,21.83,7.04
2010,250.3,28.1,53.2,Sandy Loam,81.3,5.38,5.17
2017,869.8,41.6,41.5,Black Cotton,206.0,20.1,6.25
2022,735.3,27.6,74.9,Black Cotton,72.1,23.96,6.28
2022,165.9,21.7,62.5,Clay,46.7,20.83,3.83
2010,475.7,24.9,61.7,Black Cotton,109.3,4.24,6.22
2018,290.1,24.7,41.3,Silt Loam,348.2,6.56,6.76
2021,737.0,20.5,75.2,Red Laterite,88.0,24.82,6.32
2019,621.7,21.6,41.6,Black Cotton,42.3,24.76,6.26
2019,299.7,38.7,55.9,Red Laterite,128.1,16.02,3.8
2013,316.3,28.2,38.4,Black Cotton,236.0,7.96,5.51
2015,683.7,23.9,84.2,Clay,43.1,1.78,6.59
2021,391.2,24.8,50.4,Red Laterite,62.2,5.03,4.96
2014,233.6,34.1,72.6,Clay,136.0,18.66,4.45
2015,707.2,32.1,68.3,Clay,238.1,5.65,6.22
2012,622.2,32.4,37.3,Clay,91.7,11.42,5.74
2011,206.2,31.1,53.9,Black Cotton,346.7,5.45,5.48
2013,463.7,35.1,84.0,Red Laterite,342.0,22.43,6.02
2017,622.4,20.8,59.0,Black Cotton,164.1,23.32,6.94
2019,355.6,41.2,50.9,Red Laterite,49.5,24.33,3.44
2013,705.5,27.5,72.7,Red Laterite,340.9,4.56,7.15
2022,442.7,32.6,46.4,Sandy Loam,81.2,5.84,4.99
2021,156.6,40.3,63.2,Red Laterite,256.5,13.36,3.9
2021,351.4,20.9,47.3,Red Laterite,106.2,1.46,5.2
2012,856.5,24.7,42.3,Sandy Loam,235.6,6.6,7.95
2010,636.5,33.2,88.5,Silt Loam,56.6,17.78,6.29
2018,348.0,21.2,84.4,Silt Loam,133.9,1.9,7.12
2013,697.9,24.7,49.1,Sandy Loam,202.0,24.48,6.73
2022,854.3,32.0,74.7,Black Cotton,332.6,6.8,7.5
2013,762.6,23.3,49.8,Red Laterite,231.5,21.53,6.48
2016,266.7,23.6,74.9,Silt Loam,77.5,12.24,5.5
2023,796.8,22.5,62.0,Clay,237.2,1.02,7.47
2012,813.9,37.6,72.8,Clay,52.2,2.27,5.72
2016,225.2,30.6,75.0,Sandy Loam,223.1,9.76,6.57
2010,232.5,18.3,80.7,Sandy Loam,72.3,19.37,5.72
2019,160.1,41.2,87.7,Sandy Loam,203.6,20.55,5.8
2023,680.6,22.9,61.4,Red Laterite,315.6,20.48,6.97
2013,191.9,34.6,69.5,Sandy Loam,36.8,1.59,4.61
2018,372.6,30.3,81.0,Clay,30.4,6.0,4.82
2015,641.5,23.4,83.3,Black Cotton,249.8,18.01,8.02
2024,234.3,22.1,41.1,Sandy Loam,336.1,7.4,6.53
2015,842.5,40.1,84.3,Red Laterite,78.4,11.0,5.81
2015,599.7,34.3,43.3,Silt Loam,229.9,7.53,7.01
2017,646.3,40.4,79.6,Sandy Loam,282.4,21.61,6.84
2012,733.3,21.5,43.1,Black Cotton,260.8,19.75,7.35
2019,470.6,35.4,43.0,Silt Loam,348.3,4.96,6.75
2016,414.5,29.9,61.5,Black Cotton,222.6,16.1,6.65
2024,334.4,28.0,62.3,Red Laterite,187.6,13.64,5.8
2013,438.5,31.9,58.2,Red Laterite,278.5,20.38,5.67
2015,152.1,41.9,35.9,Red Laterite,181.7,3.77,3.27
2011,194.7,26.4,81.7,Clay,124.3,4.03,5.48
2024,465.8,23.1,47.4,Clay,67.5,17.55,4.56
2012,433.1,18.6,88.1,Silt Loam,47.3,3.1,6.48
2019,802.9,18.7,55.1,Sandy Loam,108.4,0.81,7.33
2023,760.3,21.6,45.0,Clay,269.4,17.61,7.19
2015,483.0,33.5,35.7,Sandy Loam,79.9,22.09,5.59
2010,603.1,22.2,43.8,Black Cotton,296.5,17.16,7.53
2023,343.5,31.7,51.8,Clay,165.6,4.34,4.69
2011,541.1,41.5,41.9,Clay,158.1,1.87,4.42
2018,603.8,19.9,73.1,Black Cotton,130.2,16.23,7.44
2023,435.4,19.3,55.4,Black Cotton,92.3,3.16,6.43
2023,401.6,23.7,44.0,Sandy Loam,50.9,15.13,5.69
2022,832.3,22.5,46.1,Sandy Loam,106.9,2.58,7.12
2022,512.9,19.2,40.1,Silt Loam,32.7,9.24,6.19
2014,869.1,30.0,52.3,Black Cotton,262.2,24.36,7.37
2016,822.4,30.1,62.6,Clay,37.6,20.0,5.76
2017,589.8,38.4,51.0,Clay,248.4,2.43,5.23
2013,813.3,37.4,71.0,Clay,347.9,12.79,6.49
2021,606.6,30.6,77.3,Black Cotton,281.3,8.81,6.73
2016,180.0,35.1,72.6,Clay,96.8,15.45,4.54
2011,868.5,31.6,89.7,Sandy Loam,287.5,3.99,8.58
2022,736.1,20.1,40.2,Silt Loam,84.3,7.74,6.88
2011,360.1,26.7,39.9,Clay,257.4,11.79,6.58
2022,807.5,33.6,42.7,Sandy Loam,340.9,12.46,7.39
2015,794.3,27.6,82.1,Clay,171.1,13.06,6.92
2011,661.7,30.1,49.5,Sandy Loam,228.6,16.27,6.82
2021,742.9,34.8,65.8,Clay,303.0,7.62,7.08
2011,317.3,39.0,71.8,Silt Loam,179.1,16.24,6.03
2024,763.7,20.6,44.9,Sandy Loam,323.6,23.1,8.17
2015,198.4,26.2,68.2,Clay,254.7,12.17,5.15
2014,490.9,31.1,87.2,Clay,234.9,8.34,6.91
2016,196.8,37.4,78.4,Black Cotton,98.3,5.68,4.44
2010,864.5,34.4,49.8,Clay,56.7,2.2,5.44
2021,488.6,28.1,46.8,Silt Loam,88.9,1.82,6.28
2024,826.2,26.2,76.4,Clay,93.6,23.58,6.32
2022,270.5,34.7,54.5,Red Laterite,154.5,0.74,4.26
2022,820.3,22.8,74.7,Red Laterite,227.3,8.43,8.17
2021,768.9,35.6,35.8,Black Cotton,328.8,12.74,6.76
2015,235.2,41.3,57.4,Red Laterite,261.1,24.71,4.85
2020,487.0,41.3,40.4,Clay,268.6,5.1,5.01
2021,559.6,22.0,55.8,Silt Loam,97.1,5.18,6.53
2015,760.3,18.4,84.3,Red Laterite,292.1,3.56,7.07
2017,636.7,28.9,57.6,Silt Loam,295.0,10.93,8.02
2024,281.9,28.3,44.7,Red Laterite,82.1,11.18,4.0
2014,783.8,34.5,59.1,Silt Loam,254.7,23.48,7.77
2011,754.5,20.5,70.7,Red Laterite,328.4,3.04,7.54
2021,713.8,40.3,40.5,Black Cotton,191.1,20.24,5.62
2013,317.2,28.9,56.0,Clay,304.0,23.79,5.12
2015,875.7,39.9,57.7,Black Cotton,32.4,9.68,5.67
2024,644.0,25.4,84.6,Black Cotton,245.5,0.6,7.85
2024,460.9,18.4,43.4,Silt Loam,299.0,13.21,7.56
2012,869.4,41.8,48.3,Black Cotton,91.7,16.29,5.46
2023,188.7,40.4,58.6,Black Cotton,342.8,4.76,5.28
2016,323.2,35.0,41.9,Sandy Loam,232.1,19.71,5.26
2023,721.6,40.0,81.1,Clay,333.6,5.49,7.16
2020,727.5,21.7,69.0,Red Laterite,324.6,2.43,7.66
2016,169.0,35.6,89.1,Silt Loam,89.7,16.49,5.08
2023,333.9,36.7,78.2,Silt Loam,241.0,7.24,6.54
2024,257.8,18.6,89.2,Sandy Loam,65.5,23.22,6.12
2014,821.0,20.2,62.2,Silt Loam,322.1,5.6,8.99
2011,518.3,18.5,39.0,Sandy Loam,97.3,10.79,6.81
2017,756.4,22.3,35.6,Clay,241.1,15.96,6.68
2023,173.6,41.4,89.7,Black Cotton,348.4,15.2,5.71
2014,844.9,22.6,36.6,Sandy Loam,195.8,19.14,7.6
2013,800.2,20.8,46.9,Silt Loam,74.3,2.54,7.28
2014,511.2,40.9,54.2,Red Laterite,238.6,11.94,4.97
2022,521.9,30.3,57.0,Clay,110.0,5.35,5.8
2016,227.2,37.0,67.3,Clay,284.1,23.87,4.5
2017,475.1,28.7,67.8,Silt Loam,291.1,15.76,7.06
2019,414.7,39.5,80.1,Black Cotton,83.5,1.33,4.8
2018,339.8,27.8,68.2,Red Laterite,142.7,1.23,5.17
2022,289.4,23.9,46.8,Silt Loam,149.0,19.6,6.27
2011,157.2,34.5,74.4,Clay,178.9,19.98,4.81
2016,362.7,23.1,47.0,Red Laterite,119.0,15.39,4.69
2024,755.6,34.1,66.6,Black Cotton,248.3,11.16,7.17
2010,752.0,30.0,89.5,Black Cotton,68.2,11.59,6.46
2019,395.2,27.2,66.7,Silt Loam,35.7,19.69,5.73
2017,363.3,38.2,57.2,Red Laterite,323.8,1.46,5.1
2020,162.2,29.3,80.6,Black Cotton,261.4,7.23,5.56
2018,731.0,29.9,37.6,Silt Loam,252.9,11.64,7.1
2023,630.8,39.9,81.4,Red Laterite,62.9,5.99,5.09
2015,796.0,35.4,47.4,Sandy Loam,91.2,22.61,6.11
2015,762.1,30.9,35.3,Sandy Loam,113.1,19.73,7.08
2011,347.8,34.5,78.5,Black Cotton,116.4,4.67,5.81
2012,587.6,20.9,52.6,Clay,271.0,22.25,7.34
2017,651.2,30.5,48.2,Black Cotton,241.6,24.42,6.64
2015,729.5,29.6,40.0,Silt Loam,257.6,9.15,7.66
2020,701.5,22.9,39.3,Black Cotton,49.3,0.82,5.86
2013,501.1,27.2,61.8,Silt Loam,96.8,14.97,5.81
2022,858.3,35.0,71.0,Red Laterite,63.8,3.69,5.59
2024,422.7,41.4,82.7,Red Laterite,95.0,10.31,4.8
2020,380.4,38.9,70.7,Clay,177.5,3.13,5.21
2011,330.4,39.5,45.3,Sandy Loam,182.4,13.51,4.97
2018,213.1,28.4,43.3,Red Laterite,167.9,8.68,4.38
2017,354.4,20.3,70.7,Black Cotton,92.1,5.14,6.0
2019,520.2,28.4,72.5,Clay,336.9,5.88,7.08
2010,821.3,31.8,48.1,Red Laterite,62.3,6.05,5.06
2016,444.7,23.3,80.3,Silt Loam,188.5,4.69,6.95
2013,410.7,24.9,67.8,Sandy Loam,60.2,12.83,5.73
2014,789.4,34.5,44.4,Sandy Loam,83.3,8.64,5.84
2017,256.4,18.3,61.1,Silt Loam,36.7,24.37,5.83
2022,789.8,32.3,88.3,Red Laterite,30.3,21.89,5.59
2017,232.0,37.7,66.2,Silt Loam,297.3,13.37,5.96
2011,225.0,37.3,53.5,Black Cotton,265.1,24.75,5.13
2014,647.6,24.1,60.2,Silt Loam,126.4,8.68,6.78
2023,826.6,32.3,41.2,Red Laterite,263.0,1.01,6.37
2016,792.2,33.8,42.8,Black Cotton,39.9,14.65,5.52
2013,708.3,22.7,87.5,Sandy Loam,338.9,21.99,8.21
2020,558.7,39.9,89.3,Red Laterite,86.0,22.8,4.87
2019,463.0,41.9,52.0,Sandy Loam,215.4,17.69,5.94
2023,609.3,28.4,60.0,Silt Loam,122.3,24.25,6.36
2017,660.7,30.6,50.9,Red Laterite,242.6,7.94,6.19
2014,198.5,25.1,60.0,Clay,120.6,15.03,4.94
2016,414.2,38.0,37.7,Clay,142.1,7.44,4.65
2023,526.5,41.0,65.8,Sandy Loam,258.2,3.99,6.3
2024,210.5,23.3,61.0,Silt Loam,109.6,17.12,5.3
2016,466.9,41.2,40.4,Silt Loam,324.5,15.13,6.44
2024,391.9,31.9,72.6,Clay,110.0,10.7,5.5
2013,375.8,20.1,66.2,Black Cotton,204.7,9.71,6.8
2012,544.9,34.7,62.7,Silt Loam,179.9,10.98,6.41
2016,871.1,29.1,85.2,Sandy Loam,336.4,10.81,8.53
2014,740.0,31.9,55.5,Red Laterite,203.8,14.36,5.73
2014,190.2,38.3,41.9,Sandy Loam,178.1,19.19,3.81
2011,191.0,37.9,70.7,Silt Loam,220.2,20.64,5.37
2019,511.1,26.0,38.3,Red Laterite,245.8,18.61,6.05
2012,571.5,41.2,42.5,Clay,126.3,8.12,4.95
2024,154.8,29.6,72.8,Sandy Loam,51.5,4.25,4.83
2013,303.2,29.4,80.8,Black Cotton,155.0,23.19,5.37
2014,453.4,41.6,80.1,Red Laterite,113.3,15.51,4.16
2011,474.3,33.3,45.2,Clay,84.6,18.67,5.0
2018,300.3,29.5,50.9,Sandy Loam,336.9,12.58,6.06
2021,749.9,29.1,79.7,Clay,39.0,11.7,5.77
2019,442.1,31.9,36.9,Red Laterite,172.2,22.75,4.75
2024,692.3,24.6,89.0,Silt Loam,190.2,21.6,8.31
2013,411.6,34.9,56.5,Sandy Loam,85.8,4.21,5.01
2017,686.4,36.9,50.3,Silt Loam,325.5,2.17,6.98
2023,633.9,27.0,60.9,Clay,214.3,23.22,6.72
2012,673.3,32.1,66.9,Red Laterite,227.6,10.39,5.88
2010,172.1,35.6,47.7,Sandy Loam,189.8,17.14,4.59
2022,756.4,35.6,48.0,Clay,263.0,9.91,6.7
2016,841.8,19.5,48.8,Sandy Loam,301.0,2.29,8.42
2023,172.1,22.2,40.9,Black Cotton,150.8,24.73,4.43
2019,567.4,22.7,62.0,Silt Loam,102.2,18.68,6.62
2022,294.2,32.0,69.6,Sandy Loam,95.1,20.35,5.41
2024,153.9,36.6,66.3,Sandy Loam,139.0,17.22,5.11
2018,522.1,38.0,66.4,Black Cotton,190.3,9.23,5.77
2024,569.0,21.3,38.7,Black Cotton,230.2,21.91,6.67
2018,373.7,20.8,47.7,Red Laterite,203.0,1.05,5.52
2023,855.5,40.1,48.8,Silt Loam,51.7,21.85,6.31
2019,331.0,30.4,68.6,Silt Loam,157.8,1.89,6.11
2021,818.9,32.0,86.5,Silt Loam,239.0,1.29,8.01
2024,723.6,21.3,65.1,Silt Loam,325.7,16.75,8.72
2024,196.7,29.8,79.3,Red Laterite,319.4,17.73,5.26
2011,862.4,32.4,68.7,Sandy Loam,314.0,12.23,7.89
2012,352.9,19.0,37.0,Red Laterite,102.1,9.08,4.3
2024,878.6,18.5,38.0,Clay,200.9,21.58,7.44
2020,662.7,18.4,61.5,Black Cotton,275.0,17.54,7.47
2012,236.7,20.8,68.9,Silt Loam,142.6,8.91,6.4
2024,193.4,23.6,67.4,Clay,162.2,18.94,5.23
2010,893.2,18.4,74.6,Sandy Loam,54.5,3.6,7.26
2012,361.9,25.5,68.1,Clay,349.4,3.68,5.99
2020,207.6,24.0,64.9,Black Cotton,255.7,20.43,6.12
2024,836.3,23.3,74.2,Silt Loam,279.7,7.67,8.5
2014,389.1,31.0,40.7,Silt Loam,318.1,17.78,6.23
2019,514.7,19.9,85.2,Red Laterite,103.8,18.68,6.25
2023,741.0,18.9,47.9,Black Cotton,238.0,11.62,7.96
2011,166.0,38.1,49.9,Red Laterite,152.9,20.77,3.71
2019,438.0,18.5,56.0,Black Cotton,44.2,5.54,5.89
2012,644.9,30.8,71.3,Sandy Loam,203.3,9.02,7.63
2024,402.2,37.9,49.4,Red Laterite,99.3,1.17,4.21
2021,771.9,28.4,58.5,Sandy Loam,288.4,14.06,8.56
2014,793.9,40.5,60.5,Red Laterite,260.2,19.34,5.9
2014,271.9,27.2,76.0,Clay,72.2,0.87,5.04
2011,899.1,36.5,51.3,Red Laterite,156.3,15.58,5.16
2015,351.6,24.0,70.9,Red Laterite,33.9,8.02,4.29
2023,284.1,29.1,59.2,Black Cotton,41.8,9.29,3.98
2020,783.2,23.2,38.2,Sandy Loam,118.5,15.45,6.97
2012,343.5,36.9,49.3,Black Cotton,70.7,15.94,4.49
2012,803.4,33.7,47.8,Sandy Loam,89.0,12.91,6.1
2018,688.0,19.5,74.3,Silt Loam,342.1,0.89,8.92
2023,793.1,26.5,74.5,Red Laterite,105.1,3.17,6.23
2011,327.7,25.8,55.4,Black Cotton,52.8,10.95,4.94
2014,257.3,25.8,78.3,Silt Loam,342.0,22.49,6.41
2014,616.4,21.8,37.5,Clay,321.8,1.13,7.55
2019,308.6,25.5,74.4,Red Laterite,280.7,17.96,6.1
2019,174.4,35.4,56.0,Sandy Loam,335.7,23.99,5.28
2013,574.1,41.9,69.7,Black Cotton,202.5,3.47,6.41
2019,504.2,30.6,59.3,Silt Loam,92.4,14.59,5.8
2024,333.0,23.8,77.2,Silt Loam,103.9,8.21,6.89
2017,699.6,39.1,54.9,Silt Loam,209.3,2.37,6.8
2015,640.0,32.5,59.7,Black Cotton,103.5,20.78,6.81
2013,732.3,27.8,67.2,Clay,223.8,20.0,6.94
2015,385.4,20.0,58.2,Clay,214.3,16.0,6.31
2024,490.6,22.0,58.0,Red Laterite,257.6,12.01,5.6
2011,244.8,18.8,58.7,Clay,346.8,3.74,6.71
2024,466.8,21.1,73.3,Clay,257.8,3.42,6.26
2024,768.5,26.1,68.5,Sandy Loam,348.1,1.61,8.22
2017,833.0,33.1,75.7,Black Cotton,122.6,12.19,6.49
2012,700.1,35.4,67.4,Red Laterite,56.8,22.44,4.93
2020,490.1,25.7,44.7,Red Laterite,119.4,19.44,5.04
2013,373.0,26.2,66.0,Red Laterite,215.5,21.18,5.33
2015,718.0,40.9,37.3,Clay,167.8,7.32,5.6
2024,611.6,20.4,50.7,Sandy Loam,122.1,12.42,6.97
2024,344.6,32.5,40.8,Clay,243.3,3.95,5.37
2013,564.1,30.2,44.3,Red Laterite,318.8,24.02,5.48
2010,516.3,37.7,55.3,Silt Loam,331.4,14.49,6.73
2021,483.6,21.0,60.0,Sandy Loam,259.2,23.02,7.85
2017,347.3,38.7,89.6,Sandy Loam,339.9,20.19,6.96
2021,745.0,35.5,53.0,Red Laterite,137.3,11.61,5.57
2011,680.1,25.6,85.9,Black Cotton,62.1,17.78,6.14
2018,388.1,38.2,71.4,Sandy Loam,333.7,15.87,6.36
2023,857.4,34.2,49.6,Clay,185.0,5.08,6.93
2017,361.9,22.8,83.2,Red Laterite,304.3,18.86,6.5
2018,608.4,35.0,37.1,Silt Loam,226.3,15.96,6.69
2013,628.3,29.6,71.1,Clay,310.9,21.1,7.37
2017,747.6,27.4,54.6,Black Cotton,124.5,5.86,6.29
2024,822.6,36.3,58.1,Black Cotton,134.1,16.73,6.7
2015,645.5,26.3,56.9,Clay,277.6,12.35,7.18
2022,798.0,32.4,72.8,Sandy Loam,123.1,12.93,7.52
2010,571.7,25.8,72.1,Black Cotton,155.2,11.33,6.32
2016,345.5,19.3,61.7,Clay,138.7,20.55,5.62
2019,806.7,30.9,77.9,Sandy Loam,333.3,15.53,8.48
2015,246.9,31.0,87.3,Sandy Loam,286.8,2.71,6.1
2022,724.5,19.5,37.7,Clay,145.9,5.36,5.91
2012,778.6,27.5,74.5,Silt Loam,286.4,22.81,8.27
2021,336.5,18.3,81.5,Red Laterite,62.8,10.25,5.5
2017,181.7,24.8,36.3,Clay,40.8,18.87,3.84
2016,248.4,35.8,49.8,Sandy Loam,54.5,12.86,3.93
2021,721.8,28.0,35.8,Red Laterite,223.6,4.22,6.14
2013,773.6,38.6,78.2,Black Cotton,194.0,1.07,6.17
2014,494.2,20.4,88.3,Red Laterite,180.8,7.64,7.32
2018,358.9,24.8,73.7,Red Laterite,108.3,0.92,5.68
2017,695.7,40.8,76.9,Sandy Loam,174.7,14.66,7.23
2017,427.4,31.5,70.4,Silt Loam,76.0,15.93,6.06
2011,221.5,22.1,82.6,Black Cotton,219.9,2.56,5.55
2018,692.3,31.6,47.8,Black Cotton,110.6,8.13,6.46
2015,775.7,18.9,72.9,Red Laterite,160.1,0.64,6.9
2022,516.5,30.0,87.8,Clay,133.0,17.87,5.54
2018,566.1,35.8,75.3,Sandy Loam,166.2,2.4,6.54
2018,711.1,22.0,59.1,Sandy Loam,42.5,10.89,6.75
2012,619.6,30.6,42.7,Red Laterite,163.8,0.73,6.42
2021,841.5,34.2,63.7,Red Laterite,314.7,14.31,7.64
2012,256.1,30.6,46.2,Red Laterite,334.6,9.6,4.69
2013,852.2,40.2,74.6,Clay,82.6,18.02,5.62
2017,157.4,28.0,43.3,Sandy Loam,347.9,0.64,5.54
2011,553.3,25.9,38.4,Black Cotton,220.2,2.14,6.24
2020,569.4,23.4,69.6,Clay,117.9,20.61,6.6
2014,425.5,36.4,86.4,Red Laterite,203.1,16.65,5.1
2011,594.5,20.5,46.9,Clay,114.1,3.01,6.31
2022,437.2,31.8,81.9,Red Laterite,118.7,20.28,4.79
2023,611.9,39.8,46.5,Sandy Loam,280.7,24.73,7.0
2012,257.5,29.4,35.0,Sandy Loam,316.7,1.78,6.11
2018,755.4,28.2,60.9,Silt Loam,190.1,3.37,7.37
2016,679.7,26.5,81.1,Silt Loam,199.8,22.14,7.82
2023,310.4,22.0,69.9,Silt Loam,257.6,21.08,6.67
2022,337.9,20.9,84.5,Silt Loam,87.0,21.72,6.4
2023,499.6,34.1,75.1,Clay,227.4,21.97,6.28
2015,284.3,35.9,35.6,Black Cotton,145.5,5.27,4.35
2019,382.8,20.3,55.3,Silt Loam,190.9,0.82,6.85
2020,509.1,19.1,73.3,Silt Loam,117.7,1.9,7.81
2019,767.5,38.7,86.0,Red Laterite,232.3,12.51,5.75
2022,559.2,20.5,55.3,Red Laterite,316.2,4.25,6.93
2021,282.7,38.4,39.6,Sandy Loam,47.9,16.12,4.18
2018,358.1,38.5,71.0,Sandy Loam,136.5,16.96,5.44
2024,387.4,35.0,84.8,Red Laterite,261.1,9.47,6.12
2016,778.3,34.1,38.6,Red Laterite,77.2,7.03,5.24
2012,482.5,24.6,45.9,Red Laterite,161.0,16.06,5.98
2014,355.3,26.4,53.8,Red Laterite,297.6,2.61,4.97
2024,497.3,20.8,40.0,Sandy Loam,89.4,14.98,6.77
2022,157.8,33.3,60.3,Clay,128.5,17.18,3.91
2024,798.4,35.9,75.6,Silt Loam,47.1,17.79,6.76
2015,460.5,38.0,50.0,Clay,86.7,7.73,4.73
2021,479.7,20.2,54.5,Silt Loam,141.6,16.22,6.53
2023,277.9,40.8,67.2,Clay,202.1,5.66,4.76
2021,475.4,33.5,72.5,Silt Loam,96.4,17.64,5.52
2022,351.7,30.3,46.6,Clay,179.7,1.27,5.1
2011,537.8,33.1,61.1,Black Cotton,217.8,9.62,5.97
2010,391.8,20.5,54.7,Sandy Loam,80.8,12.15,6.32
2015,635.9,20.4,85.2,Silt Loam,82.1,13.9,7.58
2019,492.3,31.8,58.9,Black Cotton,181.5,6.47,5.65
2021,429.9,26.1,72.3,Silt Loam,42.8,23.26,6.17
2024,530.2,28.1,77.6,Red Laterite,158.2,1.2,6.75
2018,274.8,25.2,67.8,Red Laterite,93.5,24.32,4.63
2015,741.4,19.3,40.0,Clay,286.5,11.74,7.19
2012,495.4,33.8,46.0,Clay,126.4,2.47,5.14
2011,693.1,21.7,65.5,Silt Loam,31.6,4.4,7.23
2011,503.1,34.5,73.4,Black Cotton,243.9,20.87,6.25
2011,440.7,25.6,86.4,Black Cotton,277.4,22.5,6.48
2023,656.1,38.9,67.8,Red Laterite,52.9,12.46,4.83
2013,814.2,22.3,47.9,Silt Loam,138.8,20.67,7.24
2019,599.4,27.6,39.2,Clay,74.2,5.11,5.48
2015,438.0,22.3,43.3,Silt Loam,153.8,20.62,6.99
2010,345.8,40.9,44.9,Black Cotton,248.3,20.94,4.9
2020,699.5,33.7,57.2,Sandy Loam,81.5,3.65,6.26
2018,438.0,28.9,61.7,Black Cotton,165.2,1.84,5.46
2011,602.7,37.3,59.8,Silt Loam,279.9,17.94,7.35
2023,551.3,26.8,78.2,Black Cotton,200.1,9.9,6.81
2015,861.2,35.0,49.2,Red Laterite,290.1,18.33,6.38
2017,476.2,29.2,37.2,Black Cotton,177.3,1.73,5.51
2016,403.1,25.1,80.1,Red Laterite,115.5,7.68,5.27
2016,163.1,25.8,70.0,Red Laterite,65.7,18.43,3.6
2012,213.0,20.3,75.0,Black Cotton,168.0,7.23,5.74
2017,666.7,23.9,80.4,Red Laterite,212.1,1.5,6.87
2019,882.6,33.3,83.5,Black Cotton,194.0,18.27,7.51
2015,845.6,36.0,58.2,Sandy Loam,88.9,18.8,6.4
2011,777.6,28.4,41.4,Clay,212.7,24.88,6.08
2019,535.5,38.5,48.4,Sandy Loam,149.8,12.09,5.77
2021,666.6,22.5,62.6,Sandy Loam,223.5,22.79,7.3
2020,363.7,18.1,46.4,Black Cotton,240.3,7.23,5.87
2020,388.6,23.3,36.0,Silt Loam,100.7,15.48,6.11
2021,684.0,37.8,67.3,Red Laterite,135.2,10.03,5.58
2015,389.7,37.7,43.3,Black Cotton,97.4,17.59,4.57
2020,442.5,27.7,71.3,Red Laterite,339.7,15.97,6.0
2013,711.0,30.7,51.7,Silt Loam,174.5,11.95,7.09
2012,618.6,22.0,54.3,Black Cotton,162.9,19.24,6.85
2021,518.1,23.6,85.7,Clay,151.1,23.75,6.26
2011,222.7,23.2,89.6,Red Laterite,122.6,21.69,5.14
2016,562.6,26.4,47.0,Red Laterite,119.2,19.38,4.45
2020,229.2,39.2,87.8,Silt Loam,190.7,13.55,5.71
2022,497.9,37.8,59.7,Clay,158.0,0.58,5.63
2023,400.5,29.1,44.5,Sandy Loam,152.7,16.5,6.15
2020,171.8,23.4,68.5,Red Laterite,349.7,15.19,5.38
2021,456.6,18.5,68.5,Clay,212.2,12.06,6.98
2021,601.0,37.0,56.4,Red Laterite,306.3,21.33,6.12
2012,493.3,35.4,48.2,Black Cotton,329.9,23.07,6.11
2024,173.2,31.9,60.3,Red Laterite,172.0,6.43,4.39
2012,879.6,30.0,41.1,Red Laterite,298.1,21.87,7.02
2021,871.9,18.2,36.8,Black Cotton,307.5,24.89,7.91
2023,439.0,36.8,87.7,Red Laterite,68.7,19.53,4.44
2010,478.9,37.9,38.3,Black Cotton,295.1,18.27,5.44
2010,422.5,35.2,63.1,Black Cotton,167.1,3.54,5.73
2023,584.9,37.0,74.7,Silt Loam,162.1,8.83,6.97
2024,332.3,29.6,49.5,Silt Loam,235.5,2.31,6.61
2013,717.7,26.2,72.9,Silt Loam,282.0,17.64,8.04
2019,356.5,18.9,42.7,Red Laterite,122.3,5.92,4.91
2014,380.0,35.2,66.2,Silt Loam,182.1,11.28,6.38
2014,265.8,37.3,42.1,Red Laterite,123.5,9.91,3.61
2013,587.4,21.6,35.7,Silt Loam,260.8,18.76,7.49
2018,454.4,32.8,44.4,Silt Loam,236.0,14.88,6.05
2016,799.1,29.6,44.3,Red Laterite,184.3,12.36,6.22
2016,160.7,40.7,53.8,Silt Loam,96.1,4.18,3.77
2011,637.5,26.6,60.3,Sandy Loam,298.8,21.22,7.25
2022,740.8,39.6,75.8,Silt Loam,242.6,10.26,7.68
2011,353.6,41.1,81.6,Red Laterite,309.2,24.28,5.41
2010,485.0,30.6,48.5,Clay,250.7,16.44,5.95
2017,283.1,41.5,49.6,Silt Loam,59.2,5.16,4.91
2023,838.1,39.7,42.3,Silt Loam,49.5,6.08,5.65
2017,223.7,39.2,37.8,Sandy Loam,92.9,3.35,3.78
2011,507.0,20.4,67.4,Red Laterite,185.9,14.45,5.71
2011,690.0,28.6,70.3,Red Laterite,287.8,15.55,6.5
2017,894.2,24.0,57.4,Silt Loam,187.6,4.83,7.76
2020,374.7,38.8,48.7,Silt Loam,246.9,12.83,5.91
2020,480.0,41.5,87.0,Black Cotton,32.1,22.39,4.48
2012,199.2,28.4,51.8,Black Cotton,139.6,17.33,4.73
2023,287.0,36.7,77.0,Clay,128.3,7.98,4.68
2020,375.0,32.6,66.4,Clay,133.6,5.2,4.72
2016,739.4,38.5,68.6,Clay,134.2,13.15,5.48
2016,734.8,24.5,86.3,Black Cotton,329.0,20.94,8.25
2015,258.7,26.0,54.5,Silt Loam,173.9,10.92,5.7
2022,855.0,19.3,57.5,Clay,342.0,19.29,8.29
2010,763.9,22.9,71.4,Silt Loam,124.3,9.65,7.55
2015,568.6,35.7,78.9,Red Laterite,190.9,21.48,6.35
2011,205.8,21.9,74.8,Red Laterite,180.4,24.29,5.63
2021,869.8,35.0,48.7,Red Laterite,217.6,1.95,6.43
2010,629.7,24.6,55.3,Silt Loam,65.5,3.79,6.74
2022,699.3,37.8,83.1,Red Laterite,125.6,5.4,5.44
2011,478.7,25.9,65.1,Silt Loam,208.1,20.52,7.09
2022,201.0,36.9,74.1,Silt Loam,336.3,9.35,5.83
2022,484.4,39.2,45.1,Black Cotton,102.9,9.37,5.2
2014,341.5,35.9,36.3,Sandy Loam,235.5,10.97,6.33
2022,514.8,19.2,64.1,Red Laterite,149.5,14.36,7.06
2023,748.7,37.0,62.1,Red Laterite,136.8,2.14,5.65
2011,574.0,41.4,77.9,Red Laterite,80.6,13.08,5.08
2017,607.5,41.8,76.4,Black Cotton,291.7,11.91,6.16
2024,810.4,35.7,70.8,Sandy Loam,88.1,14.59,6.04
2021,765.2,28.4,36.2,Red Laterite,124.0,15.78,5.94
2016,164.2,23.4,58.5,Silt Loam,303.8,14.82,6.37
2020,649.1,36.5,66.6,Silt Loam,315.8,18.02,7.06
2019,264.5,36.6,46.3,Clay,62.3,13.57,3.76
2012,555.1,40.9,53.0,Silt Loam,327.1,16.63,6.74
2013,377.2,28.2,49.9,Clay,277.2,1.17,6.42
2011,775.6,27.0,59.4,Clay,151.7,11.45,6.1
2016,299.0,36.5,67.5,Sandy Loam,59.7,4.79,5.2
2011,272.2,23.0,86.7,Red Laterite,144.7,24.89,5.05
2016,293.2,41.6,79.0,Silt Loam,183.0,12.96,5.66
2016,752.6,27.6,82.2,Silt Loam,145.3,8.09,7.77
2011,475.6,38.3,51.5,Sandy Loam,238.1,20.35,6.08
2014,697.2,39.5,37.5,Clay,86.8,0.73,4.97
2018,266.8,34.7,76.9,Sandy Loam,220.8,5.64,5.74
2019,461.2,21.8,44.5,Red Laterite,338.9,18.68,6.02
2022,651.5,26.8,85.9,Clay,39.6,5.5,5.77
2023,348.9,25.7,78.1,Silt Loam,39.1,12.03,6.07
2021,804.0,39.9,37.6,Black Cotton,274.0,18.2,6.59
2015,822.9,20.2,89.4,Sandy Loam,340.0,11.88,9.15
2016,792.1,30.9,42.4,Red Laterite,289.0,0.52,5.8
2014,246.1,33.8,55.1,Red Laterite,243.9,2.86,4.71
2017,711.5,38.4,45.8,Clay,194.7,20.23,6.18
2021,221.1,27.7,83.8,Sandy Loam,109.9,6.64,5.89
2021,644.5,25.9,88.6,Red Laterite,196.4,14.64,7.22
2012,396.0,27.0,43.0,Sandy Loam,269.3,20.09,6.03
2020,186.0,22.7,45.0,Clay,233.1,20.97,5.13
2010,579.1,29.6,53.9,Red Laterite,159.8,24.82,6.0
2017,616.0,31.1,41.5,Silt Loam,239.7,13.11,6.45
2012,341.5,37.4,61.8,Red Laterite,176.0,2.86,5.57
2023,406.8,30.5,38.5,Silt Loam,166.5,1.12,5.87
2017,772.6,20.9,74.2,Clay,309.5,8.02,7.9
2016,565.0,40.5,88.1,Red Laterite,88.4,20.59,5.35
2012,780.0,23.3,35.9,Silt Loam,198.2,19.61,7.43
2019,794.9,30.6,79.0,Silt Loam,202.6,17.5,8.18
2012,225.1,22.0,69.9,Red Laterite,102.4,23.3,4.69
2021,264.0,40.6,68.5,Clay,119.1,24.0,4.41
2024,541.3,28.1,61.2,Silt Loam,73.6,23.48,6.31
2010,206.2,35.0,71.7,Clay,325.4,15.52,5.3
2016,255.2,29.5,43.8,Clay,155.2,4.41,4.57
2016,443.2,22.6,80.9,Sandy Loam,102.4,23.75,6.81
2021,704.7,40.7,43.4,Black Cotton,75.6,7.25,5.55
2015,158.1,20.8,52.1,Sandy Loam,276.9,15.16,6.01
2023,243.6,35.8,60.0,Sandy Loam,311.7,18.98,6.05
2021,406.0,24.5,89.3,Black Cotton,298.2,6.76,6.85
2012,807.2,34.6,78.7,Silt Loam,101.9,3.02,6.93
2021,602.5,32.4,54.9,Black Cotton,297.7,24.1,6.33
2023,727.5,38.2,75.3,Silt Loam,234.9,8.56,7.67
2020,777.2,41.6,39.6,Sandy Loam,258.2,12.4,6.4
2016,649.2,20.5,78.0,Black Cotton,209.4,21.02,7.49
2016,605.0,38.9,71.7,Sandy Loam,222.5,14.96,6.89
2019,221.2,41.2,48.1,Red Laterite,245.2,22.64,3.11
2016,761.5,35.2,37.2,Black Cotton,302.7,14.55,5.96
2023,753.9,35.9,58.7,Sandy Loam,99.1,4.93,6.25
2020,859.5,20.4,85.6,Sandy Loam,263.3,21.31,8.76
2015,414.3,41.2,50.2,Sandy Loam,133.8,17.63,5.75
2020,347.4,37.0,46.5,Red Laterite,237.5,18.65,4.68
2012,783.5,38.6,53.4,Red Laterite,202.2,20.23,5.27
2013,387.4,25.3,85.3,Sandy Loam,234.6,8.17,6.76
2016,301.6,38.5,61.7,Silt Loam,287.9,22.45,6.01
2022,269.4,22.0,35.9,Clay,216.2,22.77,5.16
2022,569.9,22.3,69.0,Sandy Loam,93.6,2.72,6.37
2019,836.0,33.9,81.9,Clay,259.1,13.55,6.62
2011,783.8,35.7,83.2,Silt Loam,226.3,24.28,8.28
2015,899.6,28.6,37.2,Red Laterite,79.6,24.82,6.02
2021,887.4,23.9,47.4,Clay,76.5,7.77,6.51
2010,793.1,29.6,59.1,Red Laterite,206.4,14.42,5.96
2019,449.7,31.8,84.6,Black Cotton,269.0,17.82,7.01
2015,752.6,24.3,55.4,Clay,132.4,9.25,6.8
2023,770.6,34.9,78.8,Red Laterite,71.2,24.53,5.64
2022,889.1,35.0,64.4,Sandy Loam,288.3,15.3,7.63
2020,882.4,37.7,47.3,Silt Loam,213.8,1.8,6.76
2019,478.4,32.2,38.6,Clay,37.1,11.49,4.01
2017,800.7,21.5,72.5,Sandy Loam,335.5,7.26,8.02
2014,860.5,35.5,74.2,Black Cotton,167.9,19.23,7.21
2020,489.1,30.9,72.1,Silt Loam,104.4,20.06,6.69
2018,859.7,21.5,64.7,Red Laterite,130.6,0.67,6.43
2015,590.6,36.6,38.9,Sandy Loam,199.5,18.39,5.8
2021,296.0,41.5,77.6,Clay,297.4,1.22,5.69
2015,216.8,40.7,66.6,Black Cotton,287.6,9.84,4.75
2017,253.9,26.2,40.3,Silt Loam,86.8,11.04,5.22
2014,451.1,23.4,89.2,Sandy Loam,138.7,18.92,7.07
2018,343.3,39.1,38.3,Red Laterite,48.9,9.64,3.76
2018,159.4,25.8,51.8,Red Laterite,210.3,21.55,5.28
2012,291.4,32.9,45.0,Clay,342.2,2.88,5.23
2015,580.5,39.4,73.9,Clay,192.3,20.45,5.65
2017,172.8,18.9,64.6,Sandy Loam,288.3,8.14,6.29
2012,592.6,22.0,40.5,Clay,223.1,24.93,6.88
2024,403.0,28.9,71.2,Black Cotton,280.9,23.63,6.44
2013,424.3,23.7,80.0,Clay,284.1,1.52,6.62
2010,837.5,40.1,79.6,Red Laterite,61.6,13.24,5.31
2018,572.2,34.9,63.7,Red Laterite,235.8,7.42,5.56
2012,485.9,22.8,86.9,Black Cotton,159.4,9.74,6.45
2015,570.9,32.6,51.8,Silt Loam,276.7,17.62,7.17
2018,773.4,22.5,39.9,Red Laterite,269.3,14.5,7.04
2010,550.7,19.1,51.7,Clay,142.6,13.68,6.63
2023,769.0,39.0,75.6,Red Laterite,301.8,12.96,6.5
2013,224.0,40.8,84.1,Silt Loam,53.3,5.49,4.55
2013,578.4,32.7,37.5,Black Cotton,95.9,17.39,5.47
2013,644.7,40.0,53.2,Clay,345.9,20.75,6.23
2015,838.2,27.6,43.6,Red Laterite,108.8,16.88,6.27
2019,682.6,39.7,52.0,Silt Loam,160.9,0.75,6.28
2023,460.2,24.7,84.6,Black Cotton,111.1,0.76,6.3
2022,486.8,33.9,47.3,Sandy Loam,66.9,22.6,5.23
2017,199.9,30.9,44.2,Silt Loam,335.7,18.02,5.82
2014,363.5,31.7,41.0,Sandy Loam,156.4,22.2,5.2
2013,862.7,31.3,62.4,Clay,195.8,1.37,6.72
2010,774.8,22.4,76.9,Sandy Loam,107.4,15.58,7.58
2017,703.8,28.6,77.3,Red Laterite,275.4,5.13,7.02
2019,160.7,21.7,82.3,Silt Loam,325.0,9.08,7.13
2013,826.2,19.4,55.9,Silt Loam,191.8,6.02,8.09
2021,479.2,38.9,38.8,Clay,222.5,7.55,4.93
2012,257.5,41.1,38.1,Sandy Loam,161.2,13.59,4.3
2024,391.2,18.9,84.6,Clay,31.9,0.58,5.44
2010,760.3,36.4,41.6,Clay,273.9,1.36,6.31
2023,833.1,40.5,70.5,Silt Loam,249.4,9.98,7.52
2024,711.1,34.4,68.7,Silt Loam,343.6,16.1,7.15
2017,552.3,26.6,42.9,Clay,338.2,10.02,6.7
2014,811.5,26.8,36.2,Silt Loam,76.1,11.77,6.75
2013,890.6,21.0,69.5,Clay,331.4,10.82,7.76
2016,495.4,28.9,87.4,Black Cotton,146.3,8.49,6.0
2013,334.5,35.1,66.3,Red Laterite,146.3,11.85,4.91
2023,723.0,27.8,70.4,Clay,155.7,12.02,6.32
2024,774.7,36.6,69.3,Sandy Loam,93.8,8.77,6.4
2024,267.5,27.2,63.5,Clay,331.8,1.08,5.93
2012,355.0,35.9,66.0,Clay,235.2,14.59,5.78
2022,298.4,27.9,60.8,Clay,274.0,12.42,5.21
2018,701.5,39.0,72.2,Sandy Loam,57.4,0.71,5.59
2023,802.1,26.0,39.9,Silt Loam,95.0,4.19,7.22
2015,617.4,25.6,84.7,Black Cotton,182.0,17.74,7.84
2014,377.4,37.3,43.8,Clay,82.2,3.4,4.48
2018,564.2,29.3,89.1,Clay,342.4,16.76,6.99
2012,831.9,20.3,37.2,Black Cotton,181.3,12.18,7.39
2023,421.8,28.6,66.5,Black Cotton,316.1,24.27,6.17
2020,575.1,39.3,89.3,Silt Loam,52.0,3.81,6.0
2012,233.2,40.4,87.8,Clay,337.7,8.36,5.58
2021,744.6,36.9,54.5,Black Cotton,35.1,22.33,5.3
2023,339.5,30.3,89.0,Sandy Loam,186.7,22.69,6.44
2010,637.1,34.8,49.5,Black Cotton,138.0,7.18,6.44
2020,210.2,31.2,42.2,Red Laterite,33.4,14.55,3.17
2014,435.5,39.7,55.9,Sandy Loam,252.5,7.12,5.7
2018,790.2,36.8,57.4,Silt Loam,72.3,8.98,6.74
2014,564.3,29.7,49.7,Black Cotton,324.0,2.58,6.66
2018,821.9,18.6,42.1,Sandy Loam,107.7,4.84,7.11
2011,265.5,37.2,77.8,Sandy Loam,33.1,0.83,4.74
2019,202.8,32.0,88.1,Black Cotton,231.9,8.61,4.9
2020,229.4,20.9,73.7,Clay,323.8,23.2,6.37
2011,152.9,37.0,47.8,Sandy Loam,259.4,9.98,5.35
2020,547.0,29.4,45.9,Black Cotton,223.7,5.06,6.24
2023,795.7,28.6,62.9,Sandy Loam,86.3,5.34,7.4
2012,808.6,31.8,45.4,Sandy Loam,254.9,2.36,7.47
2013,271.8,33.2,67.6,Red Laterite,161.9,16.19,4.82
2013,469.9,37.8,75.4,Red Laterite,32.2,22.32,4.19
2012,198.5,19.5,53.9,Sandy Loam,228.4,20.53,5.8
2011,655.5,39.6,59.5,Sandy Loam,131.9,19.4,6.57
2019,658.6,19.6,49.4,Silt Loam,174.3,18.68,7.42
2017,427.8,25.2,61.9,Red Laterite,349.7,5.16,6.19
2015,457.3,39.1,52.8,Black Cotton,178.4,22.53,5.31
2017,264.5,35.7,56.2,Sandy Loam,309.5,19.81,5.19
2012,449.6,18.3,78.5,Clay,78.3,23.68,6.55
2013,221.1,27.4,43.2,Silt Loam,93.3,12.68,5.45
2023,562.0,23.5,61.8,Black Cotton,168.5,23.71,7.28
2012,515.5,34.0,54.4,Sandy Loam,51.4,8.42,5.12
2013,539.1,29.9,46.9,Black Cotton,34.1,8.05,5.24
2012,403.9,25.5,69.0,Red Laterite,69.0,3.67,4.86
2022,666.4,21.1,66.1,Black Cotton,50.2,11.45,7.06
2016,334.6,40.7,72.9,Silt Loam,232.8,22.6,5.69
2015,582.9,25.9,45.7,Clay,339.0,19.65,6.82
2019,878.4,23.5,67.6,Clay,290.3,6.6,7.18
2015,533.2,20.3,76.3,Red Laterite,132.9,13.47,5.96
2017,601.9,39.4,87.7,Silt Loam,51.4,10.04,6.37
2021,257.3,38.3,38.2,Clay,101.5,0.57,4.24
2015,768.6,29.6,43.0,Silt Loam,336.1,12.38,7.63
2013,768.1,33.5,87.7,Red Laterite,223.6,7.74,7.42
2010,701.6,22.7,78.9,Silt Loam,109.4,9.71,7.49
2014,345.7,21.5,36.4,Black Cotton,55.2,11.89,4.35
2024,894.7,28.7,56.0,Clay,220.0,19.08,7.35
2014,298.3,32.6,50.7,Red Laterite,71.1,23.92,4.05
2011,189.3,25.8,61.2,Clay,130.9,18.15,4.19
2020,392.9,22.3,68.7,Sandy Loam,236.0,8.44,6.79
2022,576.4,39.2,38.1,Clay,188.9,23.21,5.39
2012,855.1,23.6,76.5,Silt Loam,138.2,10.61,8.27
2022,202.2,27.6,38.4,Black Cotton,235.4,10.2,5.46
2023,305.4,21.8,77.0,Silt Loam,102.8,1.88,6.89
2020,568.3,19.3,81.4,Clay,183.2,1.53,7.12
2023,253.3,25.7,56.3,Black Cotton,36.2,19.26,3.68
2017,167.6,35.2,57.8,Sandy Loam,42.8,14.95,4.08
2010,412.0,19.9,83.5,Red Laterite,317.5,4.52,7.22
2013,264.2,18.2,69.5,Red Laterite,120.1,14.13,4.99
2013,715.6,24.2,45.8,Silt Loam,155.6,16.44,7.4
2017,171.6,32.5,70.8,Red Laterite,276.4,5.51,4.97
2011,707.1,39.0,46.0,Red Laterite,265.4,7.82,6.05
2021,655.7,39.3,80.0,Silt Loam,178.4,16.37,7.08
2023,339.2,30.3,52.0,Clay,295.5,21.58,6.36
2013,524.7,35.3,74.6,Black Cotton,345.0,15.24,6.99
2018,597.6,37.1,71.7,Clay,54.9,3.13,5.52
2010,789.5,32.9,82.1,Silt Loam,327.7,7.93,8.0
2012,222.9,26.8,70.5,Black Cotton,267.4,9.63,6.15
2014,463.1,18.5,77.4,Sandy Loam,126.7,6.94,7.66
2022,835.9,20.9,70.0,Sandy Loam,311.7,23.34,8.32
2012,160.8,20.1,47.9,Red Laterite,252.4,7.19,5.41
2011,698.6,21.7,38.6,Black Cotton,39.6,12.69,6.13
2023,499.3,22.2,35.7,Sandy Loam,240.1,24.01,7.25
2021,509.4,37.2,36.3,Silt Loam,338.2,5.11,6.24
2021,486.0,18.0,70.8,Red Laterite,297.3,11.17,7.29
2013,686.7,35.8,50.8,Sandy Loam,221.4,11.68,6.63
2017,558.4,27.0,84.6,Red Laterite,203.0,8.36,6.2
2019,451.3,29.2,54.1,Silt Loam,77.2,16.98,5.68
2024,520.9,31.0,54.8,Black Cotton,57.7,6.7,5.87
2020,499.9,36.1,82.4,Clay,314.7,8.91,6.99
2024,794.8,33.0,67.9,Red Laterite,232.5,18.75,6.86
2023,744.2,37.8,56.8,Black Cotton,311.8,24.77,6.54
2018,181.5,20.5,35.2,Red Laterite,242.7,4.54,4.89
2015,516.9,25.8,81.0,Silt Loam,205.5,10.18,8.07
2020,764.5,23.3,54.3,Black Cotton,250.1,24.7,7.65
2012,775.8,39.5,45.4,Sandy Loam,315.8,24.25,7.52
2022,230.9,21.5,39.0,Silt Loam,107.4,10.45,5.72
2011,863.7,22.6,35.9,Silt Loam,68.7,5.05,6.78
2022,660.4,19.6,59.9,Sandy Loam,165.0,9.26,7.07
2014,407.4,27.0,51.7,Red Laterite,218.7,12.22,5.8
2019,595.0,34.3,88.7,Black Cotton,132.3,1.26,6.17
2016,714.7,36.5,58.2,Red Laterite,228.5,9.1,5.36
2020,517.7,18.7,37.1,Black Cotton,272.9,2.63,6.97
2013,693.2,35.2,85.7,Black Cotton,151.6,8.77,6.83
2019,888.0,18.8,52.0,Black Cotton,99.3,10.56,7.48
2023,656.4,18.7,62.8,Sandy Loam,190.7,11.85,7.74
2021,573.8,37.2,64.5,Sandy Loam,111.0,3.38,5.74
2017,370.0,21.9,51.0,Silt Loam,166.6,17.33,6.56
2023,207.6,29.6,48.7,Black Cotton,278.2,20.27,5.82
2010,376.7,23.4,82.6,Red Laterite,300.6,6.1,6.03
2017,756.3,40.8,41.4,Clay,74.5,18.64,5.48
2017,522.1,37.1,58.6,Red Laterite,317.3,9.52,5.6
2018,229.7,29.4,50.3,Red Laterite,254.7,2.14,5.37
2020,418.2,27.6,85.6,Clay,68.7,4.47,5.82
2019,290.1,22.7,71.3,Red Laterite,149.5,6.94,5.8
2012,586.6,20.8,37.2,Clay,77.2,3.76,6.0
2021,443.0,26.9,63.1,Sandy Loam,66.1,16.81,5.78
2024,758.6,25.7,48.4,Black Cotton,286.4,5.12,7.44
2017,508.7,23.1,44.5,Red Laterite,232.7,13.76,6.1
2012,793.4,21.5,76.8,Black Cotton,194.3,24.69,7.65
2019,273.5,33.0,57.7,Silt Loam,330.0,20.79,5.81
2010,803.0,36.7,36.5,Silt Loam,155.0,15.36,7.06
2023,318.5,39.8,61.4,Red Laterite,314.4,16.33,4.89
2019,540.9,29.9,39.1,Red Laterite,39.9,2.13,4.32
2011,678.4,36.6,77.5,Sandy Loam,148.2,10.14,6.09
2024,406.1,38.1,68.3,Silt Loam,303.7,12.01,6.73
2017,439.6,38.9,72.9,Red Laterite,325.5,15.33,5.36
2017,402.8,34.6,88.6,Red Laterite,195.4,15.97,5.07
2014,621.8,40.4,83.1,Red Laterite,194.3,8.17,6.38
2019,293.4,41.3,45.6,Silt Loam,195.7,10.58,4.76
2014,598.3,34.1,45.4,Red Laterite,315.0,3.91,6.0
2020,664.5,35.1,65.4,Clay,285.4,14.75,6.31
2012,237.9,35.3,51.0,Clay,95.8,19.85,4.04
2020,757.2,27.0,56.5,Silt Loam,328.4,11.75,8.03
2015,259.8,32.5,48.9,Black Cotton,290.2,24.6,5.64
2024,341.1,29.9,86.4,Red Laterite,216.7,7.29,5.58
2019,465.4,24.4,89.0,Black Cotton,220.5,12.17,6.89
2012,242.2,36.2,89.7,Sandy Loam,301.1,7.3,6.18
2018,551.4,21.1,40.3,Black Cotton,95.6,22.34,6.05
2015,882.6,35.3,50.6,Clay,103.8,15.65,5.98
2019,713.8,40.3,54.4,Clay,78.5,14.07,5.1
2022,874.8,27.2,64.8,Sandy Loam,335.4,2.73,8.55
2021,610.6,41.4,79.5,Sandy Loam,60.6,21.21,5.78
2012,818.9,40.0,50.4,Sandy Loam,106.4,8.06,6.58
2019,795.7,38.4,59.5,Clay,62.1,2.51,5.39
2021,816.1,38.4,76.3,Sandy Loam,203.2,7.16,6.84
2024,655.0,28.5,83.1,Silt Loam,133.1,12.73,6.93
2019,304.1,21.5,39.3,Black Cotton,83.9,10.4,4.64
2013,385.7,27.7,48.7,Silt Loam,317.5,9.8,7.53
2020,851.4,23.9,73.4,Black Cotton,258.2,1.04,7.43
2019,408.9,27.1,62.0,Black Cotton,320.9,2.69,6.61
2015,833.7,24.2,43.7,Clay,303.2,16.3,7.66
2019,548.2,22.7,37.0,Black Cotton,146.7,19.14,6.9
2011,611.6,31.3,48.8,Red Laterite,328.2,11.6,6.68
2014,256.2,28.5,82.9,Clay,103.3,8.13,4.69
2011,615.7,31.7,78.1,Clay,122.2,12.02,6.05
2016,821.2,23.7,79.4,Clay,222.8,2.39,7.68
2022,284.0,21.0,60.4,Silt Loam,261.4,4.24,6.6
2024,290.1,36.9,52.9,Clay,275.2,13.07,5.39
2010,445.4,22.0,60.8,Clay,107.4,15.42,5.82
2015,580.4,24.7,48.5,Clay,257.3,17.98,6.88
2010,200.3,27.1,35.0,Black Cotton,199.2,12.5,5.31
2022,446.3,31.0,57.2,Red Laterite,179.3,16.36,4.67
2019,688.8,36.0,76.3,Red Laterite,329.8,4.59,6.54
2023,524.8,37.3,46.4,Red Laterite,348.3,21.13,6.22
2016,432.0,27.0,52.3,Clay,270.1,5.78,6.6
2022,628.8,21.5,82.6,Clay,237.7,7.9,7.4
2013,827.7,24.1,57.0,Black Cotton,148.9,5.51,7.29
2012,461.9,19.2,87.1,Sandy Loam,124.5,1.8,6.75
2020,804.1,19.9,51.2,Red Laterite,206.5,1.49,7.11
2023,785.4,19.6,53.2,Silt Loam,325.0,4.57,8.88
2021,571.2,19.4,63.0,Red Laterite,148.8,11.48,6.31
2015,748.9,29.0,69.2,Silt Loam,147.7,20.13,6.9
2022,515.6,36.3,37.0,Red Laterite,263.2,14.38,4.9
2011,899.0,21.7,80.4,Silt Loam,241.4,11.28,8.87
2012,721.6,22.7,68.9,Silt Loam,156.2,1.53,7.6
2014,159.1,21.2,58.0,Clay,163.6,20.74,5.19
2014,892.8,23.1,89.5,Clay,304.8,7.0,8.64
2017,740.3,23.3,85.3,Clay,325.9,12.59,8.27
2024,407.1,35.5,55.5,Black Cotton,335.8,6.82,6.24
2018,560.9,39.6,75.8,Silt Loam,198.5,16.86,6.96
2020,359.2,32.3,84.3,Clay,290.8,11.13,5.66
2014,396.1,30.2,62.4,Black Cotton,46.4,15.0,5.09
2023,261.0,23.4,78.1,Clay,178.6,4.25,5.37
2011,673.0,30.1,57.7,Black Cotton,164.2,8.61,6.76
2017,861.4,33.9,77.6,Sandy Loam,169.4,20.47,7.53
2012,460.7,41.5,53.4,Silt Loam,67.8,6.27,5.47
2016,591.3,27.7,81.7,Silt Loam,107.8,20.21,6.84
2015,269.4,25.9,55.7,Sandy Loam,62.2,2.52,5.05
2016,519.5,20.2,88.4,Clay,347.4,0.55,7.39
2012,174.5,25.0,81.4,Silt Loam,243.1,2.64,6.55
2011,179.2,32.0,89.4,Red Laterite,30.1,23.1,3.94
2022,277.5,27.4,89.6,Sandy Loam,115.5,7.64,5.94
2019,363.3,19.6,68.3,Silt Loam,80.4,19.51,6.32
2018,222.1,32.6,72.9,Sandy Loam,155.9,8.8,5.52
2017,419.1,30.2,51.2,Black Cotton,163.8,23.3,6.0
2022,888.4,25.4,53.0,Clay,177.6,17.73,7.18
2024,238.3,20.6,59.7,Clay,261.3,7.42,5.82
2015,665.8,31.9,74.5,Black Cotton,161.2,23.28,6.43
2021,590.8,40.5,46.5,Black Cotton,240.0,9.42,5.45
2016,293.6,19.6,36.7,Silt Loam,154.7,20.41,5.25
2022,681.9,25.8,42.3,Silt Loam,268.5,17.83,7.91
2020,386.1,40.0,66.2,Clay,32.4,19.69,4.38
2017,806.6,26.0,37.3,Clay,106.8,15.3,6.11
2014,830.5,35.3,58.0,Sandy Loam,232.1,17.93,7.39
2010,228.4,36.5,88.3,Clay,97.5,8.65,4.06
2020,793.3,35.9,50.0,Black Cotton,314.7,24.84,6.68
2016,727.3,35.6,37.2,Red Laterite,205.1,13.7,5.38
2022,492.3,24.8,36.0,Red Laterite,230.7,19.9,5.03
2024,497.7,39.2,66.5,Silt Loam,297.1,5.96,6.91
2014,375.2,33.6,37.1,Clay,243.9,14.7,5.13
2013,180.4,40.8,59.7,Black Cotton,30.7,1.67,3.34
2011,751.8,24.6,79.8,Red Laterite,330.8,0.9,7.9
2022,630.0,25.3,68.0,Sandy Loam,188.9,14.71,6.91
2018,646.0,24.9,41.4,Clay,326.2,10.03,6.9
2020,300.2,34.4,39.4,Clay,332.9,1.01,4.94
2012,848.3,35.5,44.3,Silt Loam,245.0,10.68,7.65
2012,421.1,36.4,50.9,Red Laterite,251.3,16.16,4.97
2011,887.1,39.0,81.9,Sandy Loam,335.1,2.12,7.97
2014,873.9,20.7,59.8,Sandy Loam,190.1,20.96,7.5
2018,499.0,20.9,71.7,Silt Loam,281.4,9.23,8.11
2022,292.0,40.7,74.9,Red Laterite,287.4,19.94,4.95
2011,894.1,21.9,53.8,Red Laterite,290.9,13.6,6.69
2020,413.5,26.2,56.4,Black Cotton,63.1,13.05,5.44
2022,451.8,22.0,69.2,Black Cotton,277.5,18.82,8.05
2013,775.9,40.4,77.9,Red Laterite,276.7,9.99,6.88
2020,426.7,39.6,37.0,Clay,31.2,9.21,4.57
2020,404.0,36.0,35.4,Silt Loam,305.8,2.59,6.16
2023,222.0,30.5,77.1,Red Laterite,73.4,12.61,4.65
2015,239.8,37.5,78.2,Silt Loam,108.7,13.66,5.18
2016,370.1,38.6,38.0,Silt Loam,242.7,24.96,5.53
2012,360.5,38.4,89.0,Red Laterite,146.4,12.71,4.21
2021,374.9,18.5,89.0,Silt Loam,89.1,2.78,7.2
2019,788.7,26.7,40.2,Silt Loam,275.8,8.3,8.24
2011,287.0,23.1,79.0,Clay,45.7,8.13,4.98
2024,794.4,37.5,65.2,Red Laterite,308.5,13.88,5.97
2024,564.3,25.1,84.2,Sandy Loam,129.8,22.01,7.32
2021,189.0,19.6,87.2,Red Laterite,31.3,22.34,4.62
2010,501.9,26.7,64.8,Silt Loam,80.8,23.52,6.67
2015,276.3,33.6,66.3,Sandy Loam,231.9,0.91,5.59
2013,696.6,21.0,75.6,Red Laterite,106.3,10.49,6.22
2019,746.0,36.6,45.3,Red Laterite,106.1,11.03,4.6
2019,650.2,22.6,64.0,Silt Loam,73.6,24.36,6.71
2014,336.8,38.5,41.9,Black Cotton,111.6,15.33,4.65
2010,883.4,27.7,45.5,Silt Loam,251.2,14.63,8.22
2020,336.6,35.1,47.7,Clay,268.4,18.42,4.75
2020,446.0,41.2,50.2,Sandy Loam,213.9,16.47,5.5
2010,460.0,26.2,59.6,Clay,261.8,19.75,5.68
2023,426.6,41.5,55.8,Red Laterite,247.7,11.36,5.02
2013,441.9,22.5,71.6,Clay,186.8,23.75,6.8
2016,186.7,18.1,60.5,Sandy Loam,280.0,20.93,6.39
2013,460.1,39.2,42.7,Silt Loam,86.7,19.34,4.85
2017,739.3,30.7,67.3,Silt Loam,127.0,6.0,7.46
2023,507.6,27.4,43.8,Clay,170.2,3.77,6.43
2022,325.8,29.7,47.0,Red Laterite,193.1,23.38,5.25
2018,341.1,20.4,82.4,Red Laterite,285.8,18.79,6.71
2010,197.2,41.0,40.9,Silt Loam,110.7,6.49,5.03
2023,610.2,37.2,64.1,Clay,230.8,24.45,5.88
2010,261.8,18.5,77.3,Red Laterite,164.3,8.86,5.31
2021,379.8,36.3,48.8,Silt Loam,217.6,15.91,6.0
2020,781.4,32.4,66.0,Sandy Loam,151.6,15.8,7.31
2023,402.1,29.3,48.3,Silt Loam,187.8,11.06,6.14
2018,162.3,19.8,66.1,Clay,104.0,21.73,4.9
2021,204.5,34.3,88.7,Black Cotton,259.9,5.91,5.9
2013,313.9,20.3,49.1,Red Laterite,160.9,24.79,4.75
2024,306.8,26.2,48.0,Sandy Loam,59.9,6.63,4.5
2019,552.7,33.1,76.9,Sandy Loam,182.3,7.29,7.02
2021,154.8,38.2,79.9,Clay,284.6,22.24,5.26
2011,216.5,32.0,85.9,Silt Loam,30.0,17.56,5.53
2018,672.0,18.6,40.4,Red Laterite,36.8,7.24,5.36
2012,766.7,23.6,37.5,Clay,92.7,5.62,6.44
2020,487.1,32.8,36.7,Clay,147.3,19.04,5.42
2022,374.7,34.5,43.5,Sandy Loam,296.8,4.4,5.84
2010,549.8,34.4,84.1,Sandy Loam,57.1,4.36,6.13
2011,265.3,20.6,47.6,Clay,115.2,13.25,4.5
2024,849.0,39.6,85.4,Silt Loam,313.6,4.36,7.89
2019,549.6,31.6,87.4,Black Cotton,85.1,21.0,5.81
2019,310.6,35.6,77.4,Sandy Loam,92.8,7.74,5.29
2022,551.6,40.3,83.1,Sandy Loam,284.9,3.61,7.36
2018,862.2,20.7,61.4,Red Laterite,258.0,20.51,7.67
2010,538.5,30.9,47.7,Clay,107.0,1.74,5.62
2011,331.1,31.3,53.7,Red Laterite,59.9,6.9,3.71
2018,252.1,22.3,58.5,Clay,74.7,19.86,4.69
2012,618.6,19.7,74.7,Red Laterite,55.7,19.12,5.88
2017,273.5,24.6,81.6,Sandy Loam,40.6,0.78,5.91
2010,797.2,35.4,39.6,Clay,272.4,20.3,6.58
2019,210.8,34.5,61.4,Sandy Loam,170.5,22.41,4.98
2020,711.4,32.5,74.6,Silt Loam,130.1,16.97,7.1
2022,835.7,33.5,76.4,Silt Loam,81.0,13.87,7.46
2018,507.6,29.8,85.1,Sandy Loam,78.2,20.7,6.7
2014,526.1,36.9,52.3,Black Cotton,42.9,11.15,5.34
2010,646.5,39.3,55.8,Silt Loam,58.4,18.24,5.94
2014,547.5,27.7,66.0,Clay,162.2,20.04,5.1
2015,646.0,26.8,80.2,Red Laterite,150.1,1.53,6.28
2021,179.5,29.3,57.4,Clay,161.3,21.47,4.06
2022,899.1,36.5,77.8,Red Laterite,89.1,2.08,5.8
